280000	280000	FERIAS AMERICANAS (X I.B.)	1		NULL	1	0	3	0.00	0.00	0	160
280001	280001	CONTRATISTAS LOCALES	2		NULL	1	0	1	0.00	0.00	0	160
280002	280002	CONTRATISTAS NO LOCALES	3		NULL	1	0	1	0.00	0.00	0	160
280003	280003	PARADA DE TAXIS	4		NULL	1	0	99	0.00	0.00	0	160
280004	280004	AGENCIAS MARITIMAS	5		NULL	1	0	1	0.00	0.00	0	160
280005	280005	FARMACIA	6		NULL	1	0	99	0.00	0.00	0	160
280006	280006	INMOBILIARIAS	7		NULL	1	0	99	0.00	0.00	0	160
280007	280007	INSCRIPCIONES DE OFICIO	8		NULL	1	0	99	0.00	0.00	0	160
280008	280008	VENTA DE PASAJES	9		NULL	1	0	1	0.00	0.00	0	160
280009	280009	INDUSTRIAS	10		NULL	1	0	99	0.00	0.00	0	160
280010	280010	RADIODIFUSION	11		NULL	1	0	99	0.00	0.00	0	160
280011	280011	REGALOS	12		NULL	1	0	1	0.00	0.00	0	160
280012	280012	OFICINA ADMINISTRATIVA	13		NULL	1	0	1	0.00	0.00	0	160
280013	280013	EXPLOTACION AGROPECUARIA	14		NULL	1	0	99	0.00	0.00	0	160
280014	280014	SERVICIO DE MENSAJERIA	15		NULL	1	0	1	0.00	0.00	0	160
280015	280015	SERVICIOS DE SANEAMIENTO AMB.	16		NULL	1	0	1	0.00	0.00	0	160
280016	280016	SANDWICHERIA Y COMIDAS RAPIDAS	17		NULL	1	0	1	0.00	0.00	0	160
280017	280017	DECORACIONES	18		NULL	1	0	1	0.00	0.00	0	160
280018	280018	POLIRRUBRO	19		NULL	1	0	1	0.00	0.00	0	160
280019	280019	CORREO PRIVADO	20		NULL	1	0	1	0.00	0.00	0	160
280020	280020	HERRAJES, MOLDURAS Y ACCES.	21		NULL	1	0	1	0.00	0.00	0	160
280021	280021	CLINICA VETERINARIA	22		NULL	1	0	99	0.00	0.00	0	160
280022	280022	CANCHAS DE FUTBOL 5 / TENIS	23		NULL	1	0	4	0.00	0.00	0	160
280023	280023	CRIADEROS DE CERDOS	24		NULL	1	0	1	0.00	0.00	0	160
280024	280024	VENTA DE MIEL Y DERIVADOS	25		NULL	1	0	1	0.00	0.00	0	160
280025	280025	COLONIA DE VACACIONES	26		NULL	1	0	1	0.00	0.00	0	160
280026	280026	VENTA Y COLOCACION DE G.N.C.	27		NULL	1	0	1	0.00	0.00	0	160
280027	280027	SERVICIO DE VOLQUETES	28		NULL	1	0	1	0.00	0.00	0	160
280028	280028	SERVICIOS DE INTERNET	29		NULL	1	0	1	0.00	0.00	0	160
280029	280029	HAB. TEMPORARIA DTO. 1456/2003	30		NULL	1	0	1	0.00	0.00	0	160
280030	280030	HABIL.PROV.X 90 DIAS LEY 13081	31		NULL	1	0	1	0.00	0.00	0	160
280031	280031	HAB.PROV.X 180 DIAS DTO. 03/90	32		NULL	1	0	1	0.00	0.00	0	160
280032	280032	PILETAS DE NATACION	33		NULL	1	0	1	0.00	0.00	0	160
280033	280033	VENTA DE PIZZAS, EMPANADAS	34		NULL	1	0	1	0.00	0.00	0	160
280034	280034	PROVEEDORES DE INTERNET	35		NULL	1	0	1	0.00	0.00	0	160
280035	280035	VENTA DE LEÑA	36		NULL	1	0	1	0.00	0.00	0	160
280036	280036	DISPOS.FINAL DE RESIDUOS ESP.	37		NULL	1	0	1	0.00	0.00	0	160
280037	280037	CRIADERO DE CONEJOS	38		NULL	1	0	1	0.00	0.00	0	160
280038	280038	CONCESIONES SERVICIO BUFFET	39		NULL	1	0	1	0.00	0.00	0	160
280039	280039	ALARMAS Y SIST. DE SEGURIDAD	40		NULL	1	0	1	0.00	0.00	0	160
280040	280040	VENTA DE ESCORIA	41		NULL	1	0	1	0.00	0.00	0	160
280041	280041	VTA. DE INSUMOS DE COMPUTACION	42		NULL	1	0	1	0.00	0.00	0	160
280042	280042	COPETIN AL PASO	43		NULL	1	0	1	0.00	0.00	0	160
280043	280043	CRIADERO DE CHINCHILLAS	44		NULL	1	0	1	0.00	0.00	0	160
280044	280044	CAJEROS AUTOMATICOS	45		NULL	1	0	1	0.00	0.00	0	160
280045	280045	BARES Y PUBS	46		NULL	1	0	1	0.00	0.00	0	160
280046	280046	LONERA	47		NULL	1	0	1	0.00	0.00	0	160
280047	280047	SERVICIOS PORTUARIOS	48		NULL	1	0	1	0.00	0.00	0	160
280048	280048	CENTRO DE COBRANZAS	49		NULL	1	0	1	0.00	0.00	0	160
280049	280049	EXPOS.Y VTA.DE VIVIEND.PREFAB.	50		NULL	1	0	1	0.00	0.00	0	160
280050	280050	PARRILLAS	51		NULL	1	0	1	0.00	0.00	0	160
280051	280051	PASTELERIAS	52		NULL	1	0	1	0.00	0.00	0	160
280052	280052	EDUCACION PRIVADA	53		NULL	1	0	1	0.00	0.00	0	160
280053	280053	TATUAJES	54		NULL	1	0	1	0.00	0.00	0	160
280054	280054	CIRCUITOS DE MOTOCROSS	55		NULL	1	0	5	0.00	0.00	0	160
280055	280055	PLAYA ESTAC.Y TRANS.DE CARGA	56		NULL	1	0	1	0.00	0.00	0	160
290006	290006	EXPLOTACIÓN DE CANTERAS	57		NULL	1	0	1	0.00	0.00	0	160
300000	300000	FERIAS COMERCIALES	58		NULL	1	0	3	0.00	0.00	0	160
310001	310001	FRIGORÍFICO	59		NULL	1	0	1	0.00	0.00	0	160
310002	310002	FRIGORÍFICO CON ABAST.DE CARNE	60		NULL	1	0	1	0.00	0.00	0	160
310003	310003	ENVASADO Y CONS.FRUTAS Y LEGUM	61		NULL	1	0	1	0.00	0.00	0	160
310004	310004	ELABOR.DE PESCADO, CRUSTÁCEOS	62		NULL	1	0	1	0.00	0.00	0	160
310005	310005	FABRIC.Y REFIN.DE ACEITE/GRASA	63		NULL	1	0	1	0.00	0.00	0	160
310006	310006	PRODUCTOS DE MOLINERÍA	64		NULL	1	0	1	0.00	0.00	0	160
310007	310007	FABRIC.DE PRODUCTOS DE PANADER	65		NULL	1	0	1	0.00	0.00	0	160
310008	310008	FABRIC.DE GOLOSINAS Y CONFITUR	66		NULL	1	0	1	0.00	0.00	0	160
310009	310009	ELABOR.DE PASTAS FRESCAS Y SEC	67		NULL	1	0	1	0.00	0.00	0	160
310010	310010	HIGIENIZ. Y TRAT.DE LECHE Y SU	68		NULL	1	0	1	0.00	0.00	0	160
310011	310011	FABRICACIÓN DE CHACINADOS, EM.	69		NULL	1	0	1	0.00	0.00	0	160
310013	310013	MATADEROS	70		NULL	1	0	1	0.00	0.00	0	160
310014	310014	PREPARAC.Y CONSERV.DE CARNES	71		NULL	1	0	1	0.00	0.00	0	160
310020	310020	ELABORAC.DE PRODUCTOS NO CLASI	72		NULL	1	0	1	0.00	0.00	0	160
310021	310021	ELABORAC.DE ALIMENTOS PARA ANI	73		NULL	1	0	1	0.00	0.00	0	160
310022	310022	DESTILAC.,RECTIFIC.DE BEBIDAS	74		NULL	1	0	1	0.00	0.00	0	160
310023	310023	INDUSTRIAS VINÍCOLAS	75		NULL	1	0	1	0.00	0.00	0	160
310024	310024	BEBIDAS MALTEADAS Y MALTA	76		NULL	1	0	1	0.00	0.00	0	160
310025	310025	INDUST.DE BEBIDAS NO ALCOHÓLIC	77		NULL	1	0	1	0.00	0.00	0	160
310026	310026	FÁBRICA DE SODA	78		NULL	1	0	1	0.00	0.00	0	160
310027	310027	INDUSTRIA DEL TABACO	79		NULL	1	0	1	0.00	0.00	0	160
310028	310028	NO CLASIFICADOS EN OTRA PARTE	80		NULL	1	0	1	0.00	0.00	0	160
320002	320002	ARTÍCULOS CONFECC.CON MAT.TEXT	81		NULL	1	0	1	0.00	0.00	0	160
320003	320003	FÁBRICA DE TEJIDOS DE PUNTO	82		NULL	1	0	1	0.00	0.00	0	160
320004	320004	FÁBRICA DE TAPICES Y ALFOMBRAS	83		NULL	1	0	1	0.00	0.00	0	160
320005	320005	FÁBRIC.DE PRENDAS EXCEPTO CALZ	84		NULL	1	0	1	0.00	0.00	0	160
320010	320010	FABRIC.TEXTILES NO CLASIFICADO	85		NULL	1	0	1	0.00	0.00	0	160
320011	320011	CURTIDURÍAS Y TAL. DE ACABADO	86		NULL	1	0	1	0.00	0.00	0	160
320012	320012	FAB.DE PROD.DE CUERO,EXCEP.CAL	87		NULL	1	0	1	0.00	0.00	0	160
320013	320013	FABRICACIÓN DE CALZADO	88		NULL	1	0	1	0.00	0.00	0	160
320014	320014	FABRIC.PRENDAS NO CLASIFICADOS	89		NULL	1	0	1	0.00	0.00	0	160
330001	330001	IND.DE LA MADERA Y PROD.CORCHO	90		NULL	1	0	1	0.00	0.00	0	160
330002	330002	FABRICACIÓN DE ESCOBAS	91		NULL	1	0	1	0.00	0.00	0	160
330003	330003	FABRIC.DE MUEBLES/NO METÁLICOS	92		NULL	1	0	1	0.00	0.00	0	160
330004	330004	IND.DE LA MADERA NO CLASIFICAD	93		NULL	1	0	1	0.00	0.00	0	160
340001	340001	FABRICACIÓN DE PAPEL	94		NULL	1	0	1	0.00	0.00	0	160
340002	340002	IMPRENTA E INDUSTRIAS CONEXAS	95		NULL	1	0	1	0.00	0.00	0	160
340003	340003	EDITORIALES	96		NULL	1	0	99	0.00	0.00	0	160
340004	340004	FRACCIONADORES DE GAS LIQUADO	97		NULL	1	0		0.00	0.00	0	160
340005	340005	FABRICACION DE GASES INDUSTRIALES Y MEDI	98		NULL	1	0		0.00	0.00	0	160
350001	350001	FAB.DE SUST.QUÍM.IND.NO/ABONOS	99		NULL	1	0	1	0.00	0.00	0	160
350002	350002	FABRIC.DE ABONOS Y PLAGUICIDAS	100		NULL	1	0	1	0.00	0.00	0	160
350003	350003	RESINAS SINTÉTICAS	101		NULL	1	0	1	0.00	0.00	0	160
350010	350010	FAB.DE PRODUC.PLÁSTICOS NO CLA	102		NULL	1	0	1	0.00	0.00	0	160
350011	350011	FAB.PINTURAS, BARNICES Y LACAS	103		NULL	1	0	1	0.00	0.00	0	160
350012	350012	LAB.DE ESPEC.MEDICINALES Y FAR	104		NULL	1	0	1	0.00	0.00	0	160
350013	350013	LAB.JABONES,LIMPIEZA,LAVAND,ET	105		NULL	1	0	1	0.00	0.00	0	160
350014	350014	FABR.Y/O REFINERÍAS DE ALCOHOL	106		NULL	1	0	1	0.00	0.00	0	160
350020	350020	FABR.PRODUCTOS QUÍMICOS NO CLA	107		NULL	1	0	1	0.00	0.00	0	160
350021	350021	REFINERÍAS DE PETRÓLEO	108		NULL	1	0	1	0.00	0.00	0	160
350022	350022	FABR.DE PRODUC.DERIV.PETRÓLEO	109		NULL	1	0	1	0.00	0.00	0	160
350023	350023	FABR.DE PRODUCTOS DE CAUCHO	110		NULL	1	0	1	0.00	0.00	0	160
360001	360001	FABR.DE LOZA, BARRO Y PORCEL.	111		NULL	1	0	1	0.00	0.00	0	160
360002	360002	FAB. DE VIDRIO/PROD.DE VIDRIO	112		NULL	1	0	1	0.00	0.00	0	160
360003	360003	FAB.PROD.DE ARCILLA DE  CONST.	113		NULL	1	0	1	0.00	0.00	0	160
360004	360004	FAB.CEMENTO, CAL Y YESO	114		NULL	1	0	1	0.00	0.00	0	160
360005	360005	FAB.DE PLACAS PREMOLD. CONSTR.	115		NULL	1	0	1	0.00	0.00	0	160
360006	360006	FÁBRICA DE LADRILLOS	116		NULL	1	0	1	0.00	0.00	0	160
360007	360007	FÁBRICA DE MOSAICOS	117		NULL	1	0	1	0.00	0.00	0	160
360008	360008	MARMOLERÍAS	118		NULL	1	0	1	0.00	0.00	0	160
360015	360015	FAB.PROD.MINER.NO METÁL.NO CL.	119		NULL	1	0	1	0.00	0.00	0	160
370001	370001	IND.BÁSICAS HIERRO, ACERO	120		NULL	1	0	1	0.00	0.00	0	160
370002	370002	IND.BÁSICAS METAL.NO FERROSOS	121		NULL	1	0	1	0.00	0.00	0	160
380001	380001	FAB.ARMAS, CUCHILLERÍA,FERRET.	122		NULL	1	0	1	0.00	0.00	0	160
380002	380002	FAB.MUEBLES METÁLICOS	123		NULL	1	0	1	0.00	0.00	0	160
380003	380003	FAB.PRODUCTOS METÁLICOS ESTRU.	124		NULL	1	0	1	0.00	0.00	0	160
380004	380004	HERRERÍA DE OBRA	125		NULL	1	0	1	0.00	0.00	0	160
380005	380005	TORNERÍA, FRESADO Y MATRICERÍA	126		NULL	1	0	1	0.00	0.00	0	160
380006	380006	HOJALATERÍA	127		NULL	1	0	1	0.00	0.00	0	160
380010	380010	FAB.PROD.METÁLICOS NO CLASIFIC	128		NULL	1	0	1	0.00	0.00	0	160
380011	380011	FAB.DE MOTORES Y TURBINAS	129		NULL	1	0	1	0.00	0.00	0	160
380012	380012	CONST.MAQ.Y EQUIPOS DE AGRIC.	130		NULL	1	0	1	0.00	0.00	0	160
380013	380013	CONST.MAQ.Y EQUIPOS DE INDUST.	131		NULL	1	0	1	0.00	0.00	0	160
380014	380014	CONST.MAQ.PARA TRAB.METAL/MAD.	132		NULL	1	0	1	0.00	0.00	0	160
380015	380015	CONST.MÁQ.PARA OFIC,CÁLC.,CONT	133		NULL	1	0	1	0.00	0.00	0	160
380016	380016	CONST.MAQ.EQUIPOS NO CLASIFIC.	134		NULL	1	0	1	0.00	0.00	0	160
380017	380017	CONST.MÁQ.APARATOS INDUS.ELÉCT	135		NULL	1	0	1	0.00	0.00	0	160
380018	380018	CONST.APARATOS RADIO, TELEVIS.	136		NULL	1	0	1	0.00	0.00	0	160
380019	380019	CONST.APARATOS Y/O ACC.ELÉCTR.	137		NULL	1	0	1	0.00	0.00	0	160
380025	380025	CONST.APARATOS ELÉCT.NO CLASIF	138		NULL	1	0	1	0.00	0.00	0	160
380026	380026	CONSTRUCCIONES NAVALES	139		NULL	1	0	1	0.00	0.00	0	160
380027	380027	CONSTRUCCIÓN EQUIPOS FERROVIA.	140		NULL	1	0	1	0.00	0.00	0	160
380028	380028	FABRICACIÓN DE AUTOMOTORES	141		NULL	1	0	1	0.00	0.00	0	160
380029	380029	FABR.DE PIEZAS ARMADO AUTOMOT.	142		NULL	1	0	1	0.00	0.00	0	160
380030	380030	FABR.DE MOTOC., BICIC., ETC.	143		NULL	1	0	1	0.00	0.00	0	160
380031	380031	FABRICACIÓN DE AERONAVES	144		NULL	1	0	1	0.00	0.00	0	160
380032	380032	FABRICACIÓN DE ACOPLADOS	145		NULL	1	0	1	0.00	0.00	0	160
380033	380033	FABR.DE MOTOC.,BICIC.,ETC. - PROMOCIÓN I	146		NULL	1	0	1	0.00	0.00	0	160
380035	380035	CONST.DE MATER.DE TRANSP.NO CL	147		NULL	1	0	1	0.00	0.00	0	160
380040	380040	CONST.EQUIPOS PROF.Y CIENTÍF.	148		NULL	1	0	1	0.00	0.00	0	160
390001	390001	FAB.REFINERÍAS DE ACEITE INDUS	149		NULL	1	0	1	0.00	0.00	0	160
390002	390002	INDUST.DE LA PREP.TEÑID.PIELES	150		NULL	1	0	1	0.00	0.00	0	160
390003	390003	FABRICACIÓN DE HIELO	151		NULL	1	0	1	0.00	0.00	0	160
390004	390004	REVENTA DE HIELO	152		NULL	1	0	1	0.00	0.00	0	160
390016	390016	FAB.JOYAS Y ARTÍCULOS CONEXOS	153		NULL	1	0	1	0.00	0.00	0	160
390017	390017	FAB.DE INSTRUMENTOS DE MÚSICA	154		NULL	1	0	1	0.00	0.00	0	160
390025	390025	IND.MANUFACT.NO CLASIF.EN OTRA	155		NULL	1	0	1	0.00	0.00	0	160
390026	390026	IND.MATERIA PRIMA,PROP.DE 3ERO	156		NULL	1	0	1	0.00	0.00	0	160
400001	400001	CONST,REFOR.,REPARAC.CALLES.	157		NULL	1	0	1	0.00	0.00	0	160
400002	400002	CONST.GRAL.,REF.,REP.EDIFICIOS	158		NULL	1	0	1	0.00	0.00	0	160
400003	400003	SERV.CONST. GRAL,EJ.:PLOMERÍA	159		NULL	1	0	1	0.00	0.00	0	160
400004	400004	MONTAJES INDUSTRIALES	160		NULL	1	0	1	0.00	0.00	0	160
500001	500001	GEN.,TRANSM.Y DIST.ELECTRICID.	161		NULL	1	0	1	0.00	0.00	0	160
500002	500002	PROD.Y DISTR.DE VAPOR,AGUA CAL	162		NULL	1	0	1	0.00	0.00	0	160
500003	500003	SUM.DE AGUA (CAPTAC,PURIF,ETC)	163		NULL	1	0	1	0.00	0.00	0	160
500004	500004	FRACCIONADORES DE GAS LICUADO	164		NULL	1	0	1	0.00	0.00	0	160
500005	500005	DISTRIBUCIÓN DE GAS	165		NULL	1	0	1	0.00	0.00	0	160
611001	611001	AVES Y HUEVOS	166		NULL	1	0	1	0.00	0.00	0	160
611002	611002	FRUTAS Y LEGUMBRES	167		NULL	1	0	1	0.00	0.00	0	160
611003	611003	PESCADO FRESCO Y CONGELADO	168		NULL	1	0	1	0.00	0.00	0	160
611004	611004	MARISCOS/OTROS EXCEP. PESCADOS	169		NULL	1	0	1	0.00	0.00	0	160
611005	611005	PESCA,MIN,AGROP,FOREST NO CLAS	170		NULL	1	0	1	0.00	0.00	0	160
612001	612001	ABASTECEDORES Y MATARIFES	171		NULL	1	0	1	0.00	0.00	0	160
612002	612002	PRODUCTOS LÁCTEOS	172		NULL	1	0	1	0.00	0.00	0	160
612003	612003	ACEITES COMESTIBLES	173		NULL	1	0	1	0.00	0.00	0	160
612004	612004	PRODUCTOS DE MOLINERÍA,HARINAS	174		NULL	1	0	1	0.00	0.00	0	160
612005	612005	GRASAS COMESTIBLES	175		NULL	1	0	1	0.00	0.00	0	160
612010	612010	COMEST.NO CLASIF.EN OTRA PARTE	176		NULL	1	0	1	0.00	0.00	0	160
612011	612011	BEBIDAS ESPIRITUOSAS	177		NULL	1	0	1	0.00	0.00	0	160
612012	612012	VINOS	178		NULL	1	0	1	0.00	0.00	0	160
612013	612013	BEBIDAS MALTEADAS,GASEOSAS,ETC	179		NULL	1	0	1	0.00	0.00	0	160
612014	612014	GOLOSINAS	180		NULL	1	0	1	0.00	0.00	0	160
612101	612101	TABACOS Y CIGARRILLOS	181		NULL	1	0	1	0.00	0.00	0	160
612102	612102	CIGARROS	182		NULL	1	0	1	0.00	0.00	0	160
613001	613001	HILADOS, TEJIDOS. MERCERÍAS	183		NULL	1	0	1	0.00	0.00	0	160
613002	613002	TAPICERÍAS	184		NULL	1	0	1	0.00	0.00	0	160
613003	613003	PRENDAS DE VESTIR.EXC. CALZADO	185		NULL	1	0	1	0.00	0.00	0	160
613004	613004	BOLSAS DE ARPILLERA, YUTE	186		NULL	1	0	1	0.00	0.00	0	160
613005	613005	MARROQ.Y PROD.CUERO,EXC.CALZ.	187		NULL	1	0	1	0.00	0.00	0	160
613006	613006	CALZADO	188		NULL	1	0	1	0.00	0.00	0	160
613007	613007	TEXT.,CUEROS NO CLASIFICADOS	189		NULL	1	0	1	0.00	0.00	0	160
614001	614001	MADERA Y PROD,EXCEPTO MUEBLES	190		NULL	1	0	1	0.00	0.00	0	160
614002	614002	MUEBLES Y ACC., EXC. METÁLICOS	191		NULL	1	0	1	0.00	0.00	0	160
614003	614003	PAPEL. PROD. DE PAPEL Y CARTÓN	192		NULL	1	0	1	0.00	0.00	0	160
614004	614004	ARTES GRÁFICAS	193		NULL	1	0	1	0.00	0.00	0	160
615001	615001	SUSTANCIAS QUÍMICAS INDUSTR.	194		NULL	1	0	1	0.00	0.00	0	160
615002	615002	PLÁSTICOS, PINTURA, LACA, ETC.	195		NULL	1	0	1	0.00	0.00	0	160
615003	615003	DROGUERÍAS	196		NULL	1	0	1	0.00	0.00	0	160
615004	615004	PRODUCTOS DE CAUCHO	197		NULL	1	0	1	0.00	0.00	0	160
615005	615005	PRODUCTOS DERIV.DEL PETRÓLEO	198		NULL	1	0	1	0.00	0.00	0	160
615006	615006	INSUMOS HOSPITALARIOS	199		NULL	1	0	1	0.00	0.00	0	160
615007	615007	PLACAS RADIOGRÁFICAS	200		NULL	1	0	1	0.00	0.00	0	160
616001	616001	BAZAR, LOZA, PORCELANA, ETC.	201		NULL	1	0	1	0.00	0.00	0	160
616002	616002	CRISTALERÍAS Y VIDRIERÍAS	202		NULL	1	0	1	0.00	0.00	0	160
616003	616003	MATERIALES DE CONSTRUCCIÓN	203		NULL	1	0	1	0.00	0.00	0	160
616004	616004	MUEBLES Y ACCESORIOS METÁLICOS	204		NULL	1	0	1	0.00	0.00	0	160
616005	616005	FERRET.,CUCHILLERÍA HERRAM.	205		NULL	1	0	1	0.00	0.00	0	160
616006	616006	ELECTRODOMÉSTICOS	206		NULL	1	0	1	0.00	0.00	0	160
617001	617001	PRODUCTOS DE HIERRO Y ACERO	207		NULL	1	0	1	0.00	0.00	0	160
617002	617002	PROD. DE METALES NO FERROSOS	208		NULL	1	0	1	0.00	0.00	0	160
617007	617007	RADIO, TELEVISIÓN Y COMUNIC.	209		NULL	1	0	99	0.00	0.00	0	160
617008	617008	ART.HOGAR/CONSTR.NO CLASIFIC.	210		NULL	1	0	1	0.00	0.00	0	160
618001	618001	EQU.INDUST.EXCEPTO AGRÍCOLAS	211		NULL	1	0	1	0.00	0.00	0	160
618002	618002	MÁQ.AGRÍCOLA, NUEVOS Y USADOS	212		NULL	1	0	1	0.00	0.00	0	160
618003	618003	MÁQ. DE OFICINA, CONTABILIDAD	213		NULL	1	0	1	0.00	0.00	0	160
618004	618004	EQU.E INST. MEDIDAS Y CONTROL	214		NULL	1	0	1	0.00	0.00	0	160
618005	618005	FOTOGRAFÍA Y ÓPTICA	215		NULL	1	0	1	0.00	0.00	0	160
619001	619001	ALIM. ANIMALES, FORRAJES	216		NULL	1	0	1	0.00	0.00	0	160
619002	619002	INST. MUSICALES, DISCOS, ETC.	217		NULL	1	0	1	0.00	0.00	0	160
619003	619003	PERFUMERÍAS	218		NULL	1	0	1	0.00	0.00	0	160
619004	619004	COMBUST.LÍQ.SÓLIDOS Y GASEOSOS	219		NULL	1	0	1	0.00	0.00	0	160
619005	619005	ARMAS.PÓLVORA,EXPLOSIVOS,ETC.	220		NULL	1	0	1	0.00	0.00	0	160
619006	619006	REP. Y ACCESORIOS AUTOMOTORES	221		NULL	1	0	1	0.00	0.00	0	160
619007	619007	JOYAS,RELOJES Y ART. CONEXOS	222		NULL	1	0	1	0.00	0.00	0	160
619008	619008	ARTÍCULOS DE LIMPIEZA	223		NULL	1	0	1	0.00	0.00	0	160
619009	619009	JUGUETES, ROD.INF. Y COTILLÓN	224		NULL	1	0	1	0.00	0.00	0	160
619010	619010	OTROS COM.MAYORISTAS SIN CLAS.	225		NULL	1	0	1	0.00	0.00	0	160
619011	619011	EXTRACCIÓN DE CRUDO	226		NULL	1	0		0.00	0.00	0	160
619012	619012	EXTRACCIÓN DE GAS	227		NULL	1	0		0.00	0.00	0	160
619013	619013	REFINACIÓN DE PETRÓLEO CON EXPENDIO AL P	228		NULL	1	0	1	0.00	0.00	0	160
619101	619101	CEREALES, OLEAGINOSOS Y OTROS	229		NULL	1	0	1	0.00	0.00	0	160
619102	619102	FRUTOS DEL PAÍS CUENTA PROPIA	230		NULL	1	0	1	0.00	0.00	0	160
619103	619103	ACOPIADORES DE PROD. AGROPEC.	231		NULL	1	0	1	0.00	0.00	0	160
619201	619201	VENTA DE BILLETES DE LOTERÍA	232		NULL	1	0	1	0.00	0.00	0	160
619202	619202	JUEGOS DE AZAR AUTORIZADOS	233		NULL	1	0	1	0.00	0.00	0	160
619203	619203	CARRERAS CABALLOS. AG.HÍPICAS	234		NULL	1	0	1	0.00	0.00	0	160
621001	621001	CARNICERÍAS	235		NULL	1	0	1	0.00	0.00	0	160
621002	621002	LECHERÍAS Y PRODUCTOS LÁCTEOS	236		NULL	1	0	1	0.00	0.00	0	160
621003	621003	PESCADERÍAS	237		NULL	1	0	1	0.00	0.00	0	160
621004	621004	VERDULERÍAS Y FRUTERÍAS	238		NULL	1	0	1	0.00	0.00	0	160
621005	621005	PANADERÍAS	239		NULL	1	0	1	0.00	0.00	0	160
621006	621006	ALMACÉN DE COMEST, DESPENSAS	240		NULL	1	0	1	0.00	0.00	0	160
621007	621007	ROTISERÍAS Y FIAMBRERÍAS	241		NULL	1	0	1	0.00	0.00	0	160
621008	621008	DESPACHO DE PAN	242		NULL	1	0	1	0.00	0.00	0	160
621009	621009	OTROS PRODUCTOS DE PANADERÍAS	243		NULL	1	0	1	0.00	0.00	0	160
621010	621010	MERCADOS Y MERCADITOS	244		NULL	1	0	1	0.00	0.00	0	160
621011	621011	GOLOSINAS	245		NULL	1	0	1	0.00	0.00	0	160
621013	621013	SUPERMERCADOS (ALIMENTICIOS)	246		NULL	1	0	1	0.00	0.00	0	160
621014	621014	VINERÍAS	247		NULL	1	0	1	0.00	0.00	0	160
621015	621015	AVES Y HUEVOS	248		NULL	1	0	1	0.00	0.00	0	160
621016	621016	ARTÍC. DE REPOSTERÍA, COTILLÓN	249		NULL	1	0	1	0.00	0.00	0	160
621017	621017	SUPERMERCADOS < 199 M2	250		NULL	1	0	1	0.00	0.00	0	160
621018	621018	SUPERMERCADOS > 200 M2	251		NULL	1	0	1	0.00	0.00	0	160
621019	621019	SUPERMERCADOS > 900 M2	252		NULL	1	0		0.00	0.00	0	160
621020	621020	ALIM.Y BEBIDAS NO CLASIFICADOS	253		NULL	1	0	1	0.00	0.00	0	160
621101	621101	TABACO Y CIGARRILLOS	254		NULL	1	0	1	0.00	0.00	0	160
621102	621102	CIGARROS	255		NULL	1	0	1	0.00	0.00	0	160
622001	622001	PRODUC.TEXTILES,ART.CONFECCION	256		NULL	1	0	1	0.00	0.00	0	160
622002	622002	PRENDAS DE VESTIR, BOUTIQUE	257		NULL	1	0	1	0.00	0.00	0	160
622003	622003	MARROQUINERÍAS,CARTERAS	258		NULL	1	0	1	0.00	0.00	0	160
622004	622004	ZAPATERÍAS Y ZAPATILLERÍAS	259		NULL	1	0	1	0.00	0.00	0	160
622005	622005	VTA.INDUMENTARIA NO CLASIFICA	260		NULL	1	0	1	0.00	0.00	0	160
622006	622006	PELETERÍAS	261		NULL	1	0	1	0.00	0.00	0	160
623001	623001	MUEBLERÍA	262		NULL	1	0	1	0.00	0.00	0	160
623002	623002	MUEBLES, ÚTIL.ART.USADOS	263		NULL	1	0	1	0.00	0.00	0	160
623003	623003	CASA DE MÚSICA,INST.MUSIC.DISC	264		NULL	1	0	1	0.00	0.00	0	160
623004	623004	ARTÍCULOS DE GOMA Y DE PLÁSTIC	265		NULL	1	0	1	0.00	0.00	0	160
623005	623005	BAZAR,LOZA,PORCEL.VIDRIO,JUGUE	266		NULL	1	0	1	0.00	0.00	0	160
623006	623006	ART.DEL HOGAR,CRIST.,CERÁM.	267		NULL	1	0	1	0.00	0.00	0	160
623007	623007	ARTÍCULOS DE LIMPIEZA	268		NULL	1	0	1	0.00	0.00	0	160
623008	623008	ARTÍCULOS DEL HOGAR NO CLASIF	269		NULL	1	0	1	0.00	0.00	0	160
623009	623009	JUGUETERÍAS	270		NULL	1	0	1	0.00	0.00	0	160
624001	624001	PAPELERÍA	271		NULL	1	0	1	0.00	0.00	0	160
624002	624002	LIBRERÍAS	272		NULL	1	0	1	0.00	0.00	0	160
624003	624003	MÁQUINAS OFIC., CÁLC.,CONTAB.	273		NULL	1	0	1	0.00	0.00	0	160
624010	624010	ART.PARA OFIC.Y ESCOLAR.NO CL	274		NULL	1	0	1	0.00	0.00	0	160
625002	625002	PERFUMERÍAS	275		NULL	1	0	1	0.00	0.00	0	160
625003	625003	ARTÍCULOS DE TOCADOR	276		NULL	1	0	1	0.00	0.00	0	160
625004	625004	VENTA DE PAÑALES DESCARTABLES	277		NULL	1	0	1	0.00	0.00	0	160
626001	626001	FERRET.,BULONERÍA,PINTURERÍA	278		NULL	1	0	1	0.00	0.00	0	160
626002	626002	CERRAJERÍAS, VENTA Y REPARAC.	279		NULL	1	0	1	0.00	0.00	0	160
627001	627001	COMERC.AUTOMOTORES NUEVOS	280		NULL	1	0	1	0.00	0.00	0	160
627002	627002	COMERC.AUTOMOTORES USADOS	281		NULL	1	0	1	0.00	0.00	0	160
627003	627003	COMERC.AUTOM.USADOS CONC.OFIC.	282		NULL	1	0	1	0.00	0.00	0	160
627004	627004	COMERC.MOTOCICLETAS Y V.SIMIL.	283		NULL	1	0	1	0.00	0.00	0	160
627005	627005	COMERC.LANCHAS Y EMBARCACIONES	284		NULL	1	0	1	0.00	0.00	0	160
628001	628001	RAMOS GENERALES	285		NULL	1	0	1	0.00	0.00	0	160
629000	629000	KIOSCO ATENDIDO POR TITULAR	286		NULL	1	0	1	0.00	0.00	0	160
629001	629001	KIOSCO Y ART.VS (EXCEPTO TAB.)	287		NULL	1	0	99	0.00	0.00	0	160
629002	629002	FLORERÍAS	288		NULL	1	0	1	0.00	0.00	0	160
629003	629003	SEMILLERÍAS Y FORRAJERÍAS	289		NULL	1	0	1	0.00	0.00	0	160
629004	629004	TAPICERÍAS	290		NULL	1	0	1	0.00	0.00	0	160
629005	629005	BOLSAS ARPILL.NUEVAS, DE YUTE	291		NULL	1	0	1	0.00	0.00	0	160
629006	629006	SANITARIOS	292		NULL	1	0	1	0.00	0.00	0	160
629007	629007	TRICICLOS Y BICICLETAS	293		NULL	1	0	1	0.00	0.00	0	160
629008	629008	ARMAS. ARTÍCULOS CAZA Y PESCA	294		NULL	1	0	1	0.00	0.00	0	160
629009	629009	ART.DEPORTES,CAMPING,PLAYA	295		NULL	1	0	1	0.00	0.00	0	160
629010	629010	MATERIALES DE CONSTRUCCIÓN	296		NULL	1	0	1	0.00	0.00	0	160
629011	629011	IMPLEMEN.DE GRANJA Y JARDÍN	297		NULL	1	0	1	0.00	0.00	0	160
629012	629012	VETERINA.,ABONOS Y PLAGUICIDAS	298		NULL	1	0	1	0.00	0.00	0	160
629013	629013	CRISTALERÍAS Y VIDRIERÍAS	299		NULL	1	0	1	0.00	0.00	0	160
629014	629014	GAS ENVAS.,COMB.LIQUIDOS-SÓLID	300		NULL	1	0	1	0.00	0.00	0	160
629015	629015	LUBRICANTES	301		NULL	1	0	1	0.00	0.00	0	160
629016	629016	CARBON.Y OTROS COMBUSTIBLES	302		NULL	1	0	1	0.00	0.00	0	160
629017	629017	NEUMÁTICOS, CUBIERTAS Y CÁM.	303		NULL	1	0	1	0.00	0.00	0	160
629018	629018	REP.Y ACCES.PARA AUTOMOT.,ETC	304		NULL	1	0	1	0.00	0.00	0	160
629020	629020	APAR.Y ARTEFACTOS	305		NULL	1	0	1	0.00	0.00	0	160
629021	629021	MAQUINARIA AGRÍCOLA, TRACT.	306		NULL	1	0	1	0.00	0.00	0	160
629022	629022	EQUIPO PROFES.Y CIENT.INSTRUM.	307		NULL	1	0	1	0.00	0.00	0	160
629023	629023	OPTICAS,APARATOS FOTOGRÁFICOS	308		NULL	1	0	99	0.00	0.00	0	160
629024	629024	JOYERÍAS	309		NULL	1	0	1	0.00	0.00	0	160
629025	629025	HELADERÍAS	310		NULL	1	0	1	0.00	0.00	0	160
629026	629026	BOMBONES Y CONFITURAS	311		NULL	1	0	1	0.00	0.00	0	160
629027	629027	RELOJERÍAS, REPARAC. Y VENTA	312		NULL	1	0	1	0.00	0.00	0	160
629028	629028	COMERCIALIZACIÓN DE ORO	313		NULL	1	0	1	0.00	0.00	0	160
629029	629029	COMPRAVENTA DE PASACASETTES	314		NULL	1	0	1	0.00	0.00	0	160
629030	629030	COM.MINORISTA NO CLASIFICADO	315		NULL	1	0	1	0.00	0.00	0	160
629031	629031	REPUESTOS Y ACCESORIOS NÁUTI	316		NULL	1	0	1	0.00	0.00	0	160
629035	629035	VIVEROS, VENTA DE PLANTAS	317		NULL	1	0	1	0.00	0.00	0	160
629036	629036	INSUMOS PARA EL AGRO	318		NULL	1	0	1	0.00	0.00	0	160
629037	629037	ORTOPEDIAS	319		NULL	1	0	1	0.00	0.00	0	160
629301	629301	COOP.O SECC.DE PROD. AGRÍCOLA	320		NULL	1	0	1	0.00	0.00	0	160
631001	631001	RESTAURANTES	321		NULL	1	0	1	0.00	0.00	0	160
631002	631002	DESPACHOS DE BEBIDAS	322		NULL	1	0	1	0.00	0.00	0	160
631003	631003	BARES LÁCTEOS	323		NULL	1	0	1	0.00	0.00	0	160
631004	631004	BARES, CAFETERÍAS Y PIZZERÍAS	324		NULL	1	0	1	0.00	0.00	0	160
631005	631005	CONFIT. Y ESTAB.SIN ESPECTÁC.	325		NULL	1	0	2	0.00	0.00	0	160
631006	631006	SALONES DE TÉ	326		NULL	1	0	1	0.00	0.00	0	160
631010	631010	ESTABLEC.EXPIDAN BEBIDAS-COM.	327		NULL	1	0	1	0.00	0.00	0	160
631020	631020	CAD.DE COMID.RAPIDAS-GRA.MARC.	328		NULL	1	0	1	0.00	0.00	0	160
632001	632001	HOTELES, RESIDENCIALES, ETC.	329		NULL	1	0	1	0.00	0.00	0	160
632002	632002	POSADAS,HOTEL.ALB.HASTA 3 EST.	330		NULL	1	0	1	0.00	0.00	0	160
632003	632003	POSADAS,HOTEL.ALB.MAS DE 3 EST	331		NULL	1	0	1	0.00	0.00	0	160
632101	632101	HOTELES DE ALOJAMIENTO, ETC.	332		NULL	1	0	3	0.00	0.00	0	160
632200	632200	PUESTO COMEST. FERIA COMERCIAL	333		NULL	1	0	99	0.00	0.00	0	160
711001	711001	AGENCIAS DE REMISES Y TAXIS	334		NULL	1	0	1	0.00	0.00	0	160
711002	711002	TRANSPORTE DE PASAJEROS	335		NULL	1	0	1	0.00	0.00	0	160
711003	711003	TRANSPORTE DE CARGA	336		NULL	1	0	1	0.00	0.00	0	160
711004	711004	TRANSPORTE ESCOLAR	337		NULL	1	0	1	0.00	0.00	0	160
712001	712001	TRANSPORTE MARÍTIMO Y FLUVIAL	338		NULL	1	0	1	0.00	0.00	0	160
713001	713001	TRANSPORTE AÉREO	339		NULL	1	0	1	0.00	0.00	0	160
714001	714001	LAVADO Y ENGRASE	340		NULL	1	0	1	0.00	0.00	0	160
714002	714002	COCHERAS, GARAJES Y ESTACION.	341		NULL	1	0	3	0.00	0.00	0	160
714003	714003	HANGAR.Y GUARDER. DE LANCHAS	342		NULL	1	0	1	0.00	0.00	0	160
714005	714005	TALLERES DE REPARAC.NAVALES	343		NULL	1	0	1	0.00	0.00	0	160
714006	714006	TALLERES DE REPARAC.TRACTOR.	344		NULL	1	0	1	0.00	0.00	0	160
714007	714007	SERVICIOS NO CLASIFICADOS	345		NULL	1	0	1	0.00	0.00	0	160
714008	714008	REMOLQUES DE AUTOMOTORES	346		NULL	1	0	1	0.00	0.00	0	160
714009	714009	GOMERÍAS, VULCAN., RECAP.ETC.	347		NULL	1	0	1	0.00	0.00	0	160
714010	714010	TAL.MECÁNICOS,ELECTRIC.CHAPA	348		NULL	1	0	1	0.00	0.00	0	160
714011	714011	COCHERA PARA GUARDA DE REMISES	349		NULL	1	0	1	0.00	0.00	0	160
714101	714101	AGENCIAS DE TURISMO	350		NULL	1	0	1	0.00	0.00	0	160
714102	714102	EMPRESAS DE TURISMO	351		NULL	1	0	1	0.00	0.00	0	160
720001	720001	LOCALES ACOND., DEPÓS.Y ALMAC.	352		NULL	1	0	5	0.00	0.00	0	160
720002	720002	LOCALES DEST.OFICINAS ADMINIST	353		NULL	1	0	5	0.00	0.00	0	160
720003	720003	LOCALES DESCUB.DEPÓS.Y ALMAC.	354		NULL	1	0	5	0.00	0.00	0	160
720004	720004	LOCALES PARA ACONDICIONAMIENTO, DEPÓSITO	355		NULL	1	0		0.00	0.00	0	160
730001	730001	COMUNICACIONES	356		NULL	1	0	1	0.00	0.00	0	160
730002	730002	ANTENA O SIMILAR ORD.5604/10	357		NULL	1	0	5	0.00	0.00	0	160
730003	730003	TELEVISION POR CABLE	358		NULL	1	0	1	0.00	0.00	0	160
730004	730004	SERVICIO TRANSMIS. RADIO Y TV	359		NULL	1	0	1	0.00	0.00	0	160
730005	730005	SERVICIO POSTAL	360		NULL	1	0	1	0.00	0.00	0	160
730006	730006	TELEFONÍA, TÉLEX, TELÉGRAFO	361		NULL	1	0	1	0.00	0.00	0	160
730007	730007	TELEFONÍA CELULAR MÓVIL	362		NULL	1	0	1	0.00	0.00	0	160
730008	730008	INTERNET. TRANSMISIÓN DE DATOS	363		NULL	1	0	1	0.00	0.00	0	160
800001	800001	AVES Y HUEVOS-POR MENOR MAS A 150 M2 Y P	364		NULL	1	0		0.00	0.00	0	160
800002	800002	FRUTAS Y LEGUMBRES-POR MENOR MAS A 150 M	365		NULL	1	0		0.00	0.00	0	160
800003	800003	PESCADO FRESCO Y CONGELADO-POR MENOR MAS	366		NULL	1	0		0.00	0.00	0	160
800004	800004	MARISCOS Y OTROS PRODUCTOS MARINOS, EXCE	367		NULL	1	0		0.00	0.00	0	160
800005	800005	PRODUCTOS AGROPECUARIOS, FORESTALES, DE 	368		NULL	1	0		0.00	0.00	0	160
800006	800006	ABASTECEDORES Y MATARIFES -POR MENOR MAS	369		NULL	1	0		0.00	0.00	0	160
800007	800007	PRODUCTOS LÁCTEOS-POR MENOR MAS A 150 M2	370		NULL	1	0		0.00	0.00	0	160
800008	800008	ACEITES COMESTIBLES -POR MENOR MAS A 150	371		NULL	1	0		0.00	0.00	0	160
800009	800009	PRODUCTOS DE MOLINERÍA HARINAS Y FÉCULAS	372		NULL	1	0		0.00	0.00	0	160
800010	800010	GRASAS COMESTIBLES-POR MENOR MAS A 150 M	373		NULL	1	0		0.00	0.00	0	160
800011	800011	COMESTIBLES NO CLASIFICADOS EN OTRA PART	374		NULL	1	0		0.00	0.00	0	160
800012	800012	BEBIDAS ESPIRITUOSAS-POR MENOR MAS A 150	375		NULL	1	0		0.00	0.00	0	160
800013	800013	VINOS-POR MENOR MAS A 150 M2 Y POR MAYOR	376		NULL	1	0		0.00	0.00	0	160
800014	800014	BEBIDAS MALTEADAS Y MALTA, BEBIDAS NO AL	377		NULL	1	0		0.00	0.00	0	160
800015	800015	GOLOSINAS-POR MENOR MAS A 150 M2 Y POR M	378		NULL	1	0		0.00	0.00	0	160
800016	800016	PRODUCTOS AGROPECUARIOS, FORESTALES, DE 	379		NULL	1	0		0.00	0.00	0	160
800017	800017	SERVICIOS DE COMEDOR, CATERING, COMIDAS 	380		NULL	1	0		0.00	0.00	0	160
823005	823005	CLÍNICAS Y SANATORIOS	381		NULL	1	0	1	0.00	0.00	0	160
823006	823006	HOSPITALES	382		NULL	1	0	1	0.00	0.00	0	160
823007	823007	SERVICIOS DE URGENCIAS MÉDICAS	383		NULL	1	0	1	0.00	0.00	0	160
824001	824001	GUARDERÍAS PARA NIÑOS	384		NULL	1	0	1	0.00	0.00	0	160
824002	824002	PENSIONADO GERIÁTRICO	385		NULL	1	0	1	0.00	0.00	0	160
824003	824003	JARDINES DE INFANTES. INSTITUTOS Y ACADE	386		NULL	1	0	1	0.00	0.00	0	160
824004	824004	OBRAS SOCIALES PRIVADAS	387		NULL	1	0	1	0.00	0.00	0	160
824010	824010	SERV.SOCIALES NO CLASIFICADOS	388		NULL	1	0	1	0.00	0.00	0	160
829001	829001	OTROS SERVIC.SOCIALES CONEXOS	389		NULL	1	0	1	0.00	0.00	0	160
831000	831000	EMPRESA DE SERVICIOS EVENTUAL.	390		NULL	1	0	1	0.00	0.00	0	160
831001	831001	SERV.ELABORACIÓN DATOS Y TABUL	391		NULL	1	0	1	0.00	0.00	0	160
831002	831002	AGENCIAS DE INVESTIG.Y SEG.PRI	392		NULL	1	0	1	0.00	0.00	0	160
834001	834001	ALQ.Y ARREND.DE MAQ. Y EQUIPOS	393		NULL	1	0	1	0.00	0.00	0	160
834002	834002	ALQUILER DE CÁMARAS FRÍAS	394		NULL	1	0	1	0.00	0.00	0	160
834003	834003	ALQ.DE EQUIPOS PROFES.CIENTÍF	395		NULL	1	0	1	0.00	0.00	0	160
834004	834004	ALQUILER DE BIENES MUEBLES	396		NULL	1	0	1	0.00	0.00	0	160
834005	834005	ALQUILER DE VIDEOS	397		NULL	1	0	1	0.00	0.00	0	160
839007	839007	SECADO, LIMPIEZA, ETC.CEREAL	398		NULL	1	0	1	0.00	0.00	0	160
839008	839008	CONTRAT.RURALES(ROT..SIEMBRA)	399		NULL	1	0	1	0.00	0.00	0	160
839010	839010	SERV.NO CLASIFICADOS	400		NULL	1	0	1	0.00	0.00	0	160
839101	839101	EMPRESAS DE PUBLICIDAD	401		NULL	1	0	1	0.00	0.00	0	160
839102	839102	AGENCIAS DE PUBLICIDAD	402		NULL	1	0	1	0.00	0.00	0	160
839103	839103	CONTRATISTAS NO LOCALES	403		NULL	1	0	1	0.00	0.00	0	160
839104	839104	AGENCIAS MARÍTIMAS	404		NULL	1	0	1	0.00	0.00	0	160
839105	839105	SERVICIOS DE SANEAM. AMBIENTAL	405		NULL	1	0	1	0.00	0.00	0	160
839106	839106	DISPOSICIÓN FINAL DE RESIDUOS	406		NULL	1	0	1	0.00	0.00	0	160
841001	841001	PROD.PELÍCULAS CINEMATOGRÁF.	407		NULL	1	0	1	0.00	0.00	0	160
841002	841002	EXHIBIC.DE PELÍCULAS CINEMAT	408		NULL	1	0	1	0.00	0.00	0	160
841003	841003	DISTRIB.Y ALQUILER PELÍCULAS	409		NULL	1	0	1	0.00	0.00	0	160
841004	841004	EMIS.DE RADIO Y TEVE, MÚSICA	410		NULL	1	0	99	0.00	0.00	0	160
841005	841005	ESPECTÁCULOS TEATRALES	411		NULL	1	0	1	0.00	0.00	0	160
841006	841006	GIMNASIOS	412		NULL	1	0	1	0.00	0.00	0	160
841007	841007	VIDEO,CASSETTES,ALQUIL.Y VTA	413		NULL	1	0	1	0.00	0.00	0	160
849003	849003	BALNEARIOS.PILETAS Y NATATOR	414		NULL	1	0	1	0.00	0.00	0	160
849004	849004	POOLES.BILLARES,BOWLINGS,ARQU.	415		NULL	1	0	1	0.00	0.00	0	160
849007	849007	CANCHAS DE PADDLE Y SQUASH	416		NULL	1	0	4	0.00	0.00	0	160
849008	849008	ALQUILER DE CANCHAS PARCT.DEP.	417		NULL	1	0	1	0.00	0.00	0	160
849010	849010	SERVICIOS DE ESPARC.NO CLASIF.	418		NULL	1	0	1	0.00	0.00	0	160
849101	849101	CONFITERÍAS Y ESTABLEC.SIMILAR	419		NULL	1	0	2	0.00	0.00	0	160
849103	849103	SALONES Y PISTAS PARA BAILE	420		NULL	1	0	1	0.00	0.00	0	160
849104	849104	CONFIT. BAILABLES Y SIMILARES	421		NULL	1	0	2	0.00	0.00	0	160
849105	849105	BOITES. NIGHT CLUB Y SIMILAR	422		NULL	1	0	2	0.00	0.00	0	160
849106	849106	SERVICIOS DE ORGANIZACIÓN, DIRECCIÓN Y G	423		NULL	1	0	1	0.00	0.00	0	160
851001	851001	TALLE.DE CALZADO/ART.CUERO	424		NULL	1	0	1	0.00	0.00	0	160
851002	851002	TALL.REPARAC.ART.ELÉCT.Y ELEC	425		NULL	1	0	1	0.00	0.00	0	160
851003	851003	TALL.REPAR.MOTOCIC.VEHÍC PEDAL	426		NULL	1	0	1	0.00	0.00	0	160
851005	851005	TALL.REPAR.MÁQ.ESCR.EQ.COMPUT.	427		NULL	1	0	1	0.00	0.00	0	160
851006	851006	TALLERES DE FUNDICIÓN Y HERR.	428		NULL	1	0	1	0.00	0.00	0	160
851007	851007	TALLERES DE MANTENIMIENTO	429		NULL	1	0	1	0.00	0.00	0	160
851008	851008	TALLER DE CARPINTERÍA	430		NULL	1	0	1	0.00	0.00	0	160
851009	851009	TALLER DE TORNERÍA	431		NULL	1	0	1	0.00	0.00	0	160
851010	851010	SERVICIOS DE REPARAC.NO CLASIF	432		NULL	1	0	1	0.00	0.00	0	160
851011	851011	TALL. DE COMPOSTURA DE CALZADO	433		NULL	1	0	1	0.00	0.00	0	160
852001	852001	TINTORERÍAS Y LAVANDERÍAS	434		NULL	1	0	1	0.00	0.00	0	160
852002	852002	ESTABLECIMIENTOS DE LIMPIEZA	435		NULL	1	0	1	0.00	0.00	0	160
852003	852003	LAVADORES AUTOMÁTICOS	436		NULL	1	0	1	0.00	0.00	0	160
853002	853002	GESTORES	437		NULL	1	0	1	0.00	0.00	0	160
853003	853003	FOTOCOPIAS Y COPIAS DE PLANOS	438		NULL	1	0	1	0.00	0.00	0	160
853004	853004	SALONES ALQUILER FIESTAS,REUN	439		NULL	1	0	1	0.00	0.00	0	160
853005	853005	SALONES ALQUILER FIEST.INFANT	440		NULL	1	0	1	0.00	0.00	0	160
853006	853006	PEDICUROS	441		NULL	1	0	1	0.00	0.00	0	160
853007	853007	SERVICIOS FÚNEBRES	442		NULL	1	0	1	0.00	0.00	0	160
853008	853008	TALABARTERÍAS	443		NULL	1	0	1	0.00	0.00	0	160
853009	853009	COLCHONEROS	444		NULL	1	0	1	0.00	0.00	0	160
853010	853010	ACTIV.ARTES.UNIPERSONAL	445		NULL	1	0	1	0.00	0.00	0	160
853011	853011	PELUQUERÍAS	446		NULL	1	0	1	0.00	0.00	0	160
853012	853012	SALONES DE BELLEZA	447		NULL	1	0	1	0.00	0.00	0	160
853013	853013	ESTUDIOS FOTO Y COMERCIAL	448		NULL	1	0	1	0.00	0.00	0	160
853014	853014	SERV.DE CABALLERIZAS Y STUDS	449		NULL	1	0	1	0.00	0.00	0	160
853020	853020	SERV.PERSONALES NO CLASIFICAD.	450		NULL	1	0	1	0.00	0.00	0	160
853021	853021	ALQUILER DE ROPA	451		NULL	1	0	1	0.00	0.00	0	160
853022	853022	ALQUILER DE VAJILLA	452		NULL	1	0	1	0.00	0.00	0	160
853101	853101	REMATES. ADM.DE INMUEBLES	453		NULL	1	0	1	0.00	0.00	0	160
853102	853102	COMISIONES RAMO AUTOMOTORES	454		NULL	1	0	1	0.00	0.00	0	160
853103	853103	MARTILLEROS Y CORREDORES PCOS	455		NULL	1	0	1	0.00	0.00	0	160
853104	853104	TODA ACTIVIDAD DE INTERMEDIAC	456		NULL	1	0	1	0.00	0.00	0	160
910001	910001	CASAS DE CAMBIO,OP.DIVISAS	457		NULL	1	0	1	0.00	0.00	0	160
910201	910201	SOC.DE AHORRO-PRÉST.PARA VIV.	458		NULL	1	0	1	0.00	0.00	0	160
910202	910202	SOC.AHORRO-PRÉST.COMPRAVTA AUT	459		NULL	1	0	1	0.00	0.00	0	160
910203	910203	COMPAÑÌAS EMIT.TÍTUL.SORTEABLE	460		NULL	1	0	1	0.00	0.00	0	160
910204	910204	COMPAÑÍAS DE CAPITALIZ.AHORRO	461		NULL	1	0	1	0.00	0.00	0	160
910301	910301	PRÉST.CON GARANTÍA HIPOTECARIA	462		NULL	1	0	1	0.00	0.00	0	160
910302	910302	PRÉST.CON O SIN GTÍAS PRENDAR.	463		NULL	1	0	1	0.00	0.00	0	160
910303	910303	DTO DE DOCUMENTOS DE TERCEROS	464		NULL	1	0	1	0.00	0.00	0	160
910401	910401	COMPRA-VTA DE PÓLIZAS EMPEÑO	465		NULL	1	0	1	0.00	0.00	0	160
910501	910501	NEGOCIACIÓN DE ÓRD.DE COMPRA	466		NULL	1	0	1	0.00	0.00	0	160
910502	910502	OTROS SERVICIOS FINANCIEROS	467		NULL	1	0	1	0.00	0.00	0	160
910503	910503	FINANC.PRESTAC.X TARJETAS CRÉD	468		NULL	1	0	1	0.00	0.00	0	160
911101	911101	BANCOS	469		NULL	1	0	1	0.00	0.00	0	160
911102	911102	INSTITUCIONES FINANCIERAS	470		NULL	1	0	1	0.00	0.00	0	160
911103	911103	AGENCIAS FINANCIERAS	471		NULL	1	0	1	0.00	0.00	0	160
911104	911104	PRÉST.EN DINERO. DTOS DE DOC	472		NULL	1	0	1	0.00	0.00	0	160
911105	911105	DEPOSITOS ANTERIORES 2014	473		NULL	1	0	1	0.00	0.00	0	160
920001	920001	COMPAÑÍAS-AGENCIAS DE SEGURO	474		NULL	1	0	1	0.00	0.00	0	160
920002	920002	PRODUCTORES DE SEGUROS	475		NULL	1	0	1	0.00	0.00	0	160
930000	930000	ADMISION SOCIAL	476		NULL	1	0	1	0.00	0.00	0	160
950001	950001	SERVICIO DE TAXIMETRO	477		NULL	1	0	99	0.00	0.00	0	160
950010	950010	SERVICIO DE REMISE	478		NULL	1	0	99	0.00	0.00	0	160
950020	950020	TRANSP.ESCOLAR Y COLONIAS	479		NULL	1	0	99	0.00	0.00	0	160
950021	950021	HOGAR MUNICIPAL PARA PERSONAS CON DISCAP	480		NULL	1	0	99	0.00	0.00	0	160
950025	950025	AUT.PERSONAS DISCAP.ORD./4139	481		NULL	1	0	99	0.00	0.00	0	160
950030	950030	TRANSPORTE DE CARGAS	482		NULL	1	0	99	0.00	0.00	0	160
950040	950040	TRANSPORTE SUST. ALIMENTARIAS	483		NULL	1	0	99	0.00	0.00	0	160
950050	950050	SERVICIO DE AMBULANCIAS	484		NULL	1	0	99	0.00	0.00	0	160
950060	950060	TRANSP.PUBLICO DE PASAJEROS	485		NULL	1	0	99	0.00	0.00	0	160
950065	950065	SERVICIOS CONT. PARA EMPRESAS	486		NULL	1	0	99	0.00	0.00	0	160
950070	950070	TRANSP.CONTRATADO DE PASAJEROS	487		NULL	1	0	99	0.00	0.00	0	160
999888	999888	NO AFECTADO TASA SEG.E HIGIENE	488		NULL	1	0	1	0.00	0.00	0	160
999999	999999	GENÉRICO	489		NULL	0	1	0	0.00	0.00	0	160