COD_SUB_TASA	COD_TASA	DESCRIPCION	IMPUESTO_NACIONAL	IMPUESTO_PROVINCIAL	CTAS_CTES	TIMBRADOS_EXTRAS	DESCRIPCION_REDUCIDA	FECHA_DESDE	FECHA_HASTA	RUBRO_GENERICO	LIQUIDABLE_CTA_CTE	LIQUIDABLE_DDJJ	ACTUALIZACION	ACCESORIOS	INTERNET_DDJJ	IMPUT_X_PORC
0  	0	                              	0	0	1	0				S			S			
0  	1	TASA DE SEGURIDAD E HIGIENE   	0	0	1	0				S			S			
1  	1	TASA DE SEGURIDAD E HIGIENE   	0	0	1	0				S			S			
1A 	1	ANTIC.CTA.12/16 S.DTO.1172/16 	0	0	1	0				S			S			
1C 	1	CUOTA DE SEGURIDAD E HIGIENE  	0	0	1	0				S			S			
1D 	1	DIFER.CTA.12/16 S.DTO.1172/16 	0	0	1	0				S			S			
1E 	1	APORTE ESCUELAS SEG. E HIGIENE	0	0	1	0				S			S			
1PC	1	TASA POR PREVENCION CIUDADANA 	0	0	1	0				S			S			
1R 	1	REAJUSTE SEGURIDAD E HIGIENE  	0	0	1	0				S			S			
1RE	1	REAJUSTE DE CONTRIB. ESCUELA  	0	0	1	0				S			S			
1RP	1	REAJUSTE PREVENCION CIUDADANA 	0	0	1	0				S			S			
1RS	1	REAJUSTE SALUD PUBLICA        	0	0	1	0				S			S			
1RT	1	LIQ.AGENTE RETENCION          	0	0	1	0				S			S			
1SP	1	TASA APORTE PARA LA SALUD PCA.	0	0	1	0				S			S			
0C	2	TASA MANT.VIAL Y SE¥ALIZACION 	0	0	1	0				S			S			
1	2	TASA MANTEN.VIAL Y SE¥ALIZAC. 	0	0	1	0				S			S			
0  	3	MONOTASA SOCIAL               	0	0	1	0				S			S			
1C 	3	MONOTASA SOCIAL               	0	0	1	0				S			S			
1CB	3	MONOTASA SOCIAL (BONIFICAC.)  	0	0	1	0				S			S			
0  	4	FDO.CONSTR.REP.Y MANT.EST.EDU.	0	0	1	0				S			S			
0  	5	HABILITACION DE COMERCIOS     	0	0	1	0				S			S			
1  	5	HABILITACION Y/O CAMBIO RAMO  	0	0	1	0				S			S			
2  	5	CAMBIO DOMICILIO Y/O ANEXO    	0	0	1	0				S			S			
3  	5	TRANSF.Y/O CAMBIO RAZON SOCIAL	0	0	1	0				S			S			
4  	5	HABILITACION-ACTIVO FIJO 2%   	0	0	1	0				S			S			
5  	5	P.FIS./SOC.CIV.HAB./C.DOM.Z. A	0	0	1	0				S			S			
6  	5	P.FIS./SOC.CIV.HAB./C.DOM.Z. B	0	0	1	0				S			S			
7  	5	P.FIS./SOC.CIV.HAB./C.DOM.Z. C	0	0	1	0				S			S			
8  	5	P.FIS./SOC.CIV.C.RUB.TRANS.Z.A	0	0	1	0				S			S			
9  	5	P.FIS./SOC.CIV.C.RUB.TRANS.Z.B	0	0	1	0				S			S			
10  	5	P.FIS./SOC.CIV.C.RUB.TRANS.Z.C	0	0	1	0				S			S			
11  	5	SOC.COMERC.HABIL./C.DOM. Z. A 	0	0	1	0				S			S			
12  	5	SOC.COMERC.HABIL./C.DOM. Z. B 	0	0	1	0				S			S			
13  	5	SOC.COMERC.HABIL./C.DOM. Z. C 	0	0	1	0				S			S			
14  	5	SOC.COMERC.C.RUB.TRANSF. Z. A 	0	0	1	0				S			S			
15  	5	SOC.COMERC.C.RUB.TRANSF. Z. B 	0	0	1	0				S			S			
16  	5	SOC.COMERC.C.RUB.TRANSF. Z. C 	0	0	1	0				S			S			
17  	5	SUPERFICIE ENTRE 25M2 Y 49M2  	0	0	1	0				S			S			
18  	5	SUPERFICIE ENTRE 50M2 Y 99M2  	0	0	1	0				S			S			
19  	5	SUPERFICIE ENTRE 100M2 Y 199M2	0	0	1	0				S			S			
20  	5	SUPERFICIE ENTRE 200M2 y 2ha	0	0	1	0				S			S			
0  	10	INSP.TECNICA P/HABIL.INSTALAC.	0	0	1	0				S			S			
1  	10	INSTALAC. MONOFASICAS         	0	0	1	0				S			S			
2  	10	INSTALAC. TRIFASICAS          	0	0	1	0				S			S			
3  	10	TRANSF.INSTALAC.ELECTRICAS    	0	0	1	0				S			S			
4  	10	POR CADA H.P.                 	0	0	1	0				S			S			
5  	10	ANALISIS BROMATOLOGICOS       	0	0	1	0				S			S			
6  	10	ANALISIS DE AGUAS             	0	0	1	0				S			S			
7  	10	ANALISIS ESPECIALES           	0	0	1	0				S			S			
8  	10	DETERMINACIONES FISICO/QUIMIC.	0	0	1	0				S			S			
9  	10	DETERMINACIONES LIQ. CONTAMIN.	0	0	1	0				S			S			
10  	10	OTROS ANALISIS                	0	0	1	0				S			S			
11  	10	MONTACARGAS                   	0	0	1	0				S			S			
12  	10	ASCENSORES - INSPECCION       	0	0	1	0				S			S			
13  	10	GRUAS - INSPECCION            	0	0	1	0				S			S			
14  	10	GUINCHES - INSPECCION         	0	0	1	0				S			S			
15  	10	APAREJOS Y/O CINTAS TRASNP.MEC	0	0	1	0				S			S			
0  	15	OCUPACION O USO ESPACIO PUBL. 	0	0	1	0				S			S			
1  	15	USO ESPACIO PUBLICO - KIOSCOS 	0	0	1	0				S			S			
2  	15	USO ESPACIO PUBLICO - MESAS   	0	0	1	0				S			S			
3  	15	USO ESPACIO PUBLICO - SURTIDOR	0	0	1	0				S			S			
4  	15	AUTOMOVILES DE ALQUILER       	0	0	1	0				S			S			
5  	15	ESPACIO AEREO Y/O DEL SUBSUELO	0	0	1	0				S			S			
6  	15	OCUPACION DE CALLES           	0	0	1	0				S			S			
7  	15	OCUP.ESP.PUBLICO - MOTOVEHIC. 	0	0	1	0				S			S			
0  	20	DER.EXPLOTACION DE CANTERAS   	0	0	1	0				S			S			
1  	20	DER.EXPLOTACION DE CANTERAS   	0	0	1	0				S			S			
0  	25	DER.DE PUBLICIDAD Y PROPAGANDA	0	0	1	0				S			S			
1  	25	DER.DE PUBLICIDAD Y PROPAGANDA	0	0	1	0				S			S			
0  	30	DER.USO PLAY.Y RIB./OTR.INS.MP	0	0	1	0				S			S			
0C 	30	DERECHO USO PLAYAS Y RIBERAS  	0	0	1	0				S			S			
1C 	30	DER.USO PLAY.Y RIB.Y OT.IN.MPL	0	0	1	0				S			S			
0  	40	T.FACTIB.LOCAC.Y PERM.INSTALAC	0	0	1	0				S			S			
0  	50	TASA INSPEC.Y VERIF.DE ANTENAS	0	0	1	0				S			S			
0  	100	SERV.ESPECIALES LIMP.E HIGIENE	0	0	1	0				S			S			
0  	110	DERECHOS DE VENTA AMBULANTE   	0	0	1	0				S			S			
1  	110	VTA.AMBULANTE,CONT.ESCUELA    	0	0	1	0				S			S			
0  	120	DERECHOS DE INSPECCION VETERIN	0	0	1	0				S			S			
0  	130	DERECHOS DE CONSTRUCCION      	0	0	1	0				S			S			
1  	130	DERECHOS DE CONSTRUCCION CEMENTERIOS	0	0	1	0				S			S			
2  	130	DEREC.INSPECCION ELECTROMECAN.	0	0	1	0				S			S			
3  	130	DERECHO DE CONST.-MENSURAS    	0	0	1	0				S			S			
444  	130	DER.CONSTRUCCION ORD.4505/2004	0	0	1	0				S			S			
0  	140	DERECHOS DE MARCAS Y SE¥ALES  	0	0	1	0				S			S			
0  	150	DERECHOS DE CEMENTERIO - RENOVACIÓN       	0	0	1	0				S			S			
0  	155	DER.CEMENTERIO (MANTENIMIENTO)	0	0	1	0				S			S			
0C 	155	DER.CEMENTERIO(MANTENIMIENTO) 	0	0	1	0				S			S			
0C1	155	DER.CEMENTERIO (MANTENIMIENTO)	0	0	1	0				S			S			
0  	160	DERECHOS A LOS ESPECT.PUBLICOS	0	0	1	0				S			S			
0  	170	ESCUELA MUNICIPAL DE DEPORTES 	0	0	1	0				S			S			
0  	180	CONV. CONST.EDIF.ENCOTEL      	0	0	1	0				S			S			
0  	190	TASA DE ALUMBRADO PÚBLICO	0	0	1	0				S			S			
0  	195	REG. COPARTICIPACION EDEN S.A.	0	0	1	0				S			S			
0  	200	DERECHOS POR SERV.FUNEBRE     	0	0	1	0				S			S			
0  	210	OBRA SANEAMIENTO AGUA+TRABAJO 	0	0	1	0				S			S			
0  	211	D.PLUV.BO.LUBO II ETAPA(AFEC.)	0	0	1	0				S			S			
0  	212	CLOACAS II ET. BO.S.J. PROARSA	0	0	1	0				S			S			
0  	215	PROY.MANOS A LA OBRA(AFECTADO)	0	0	1	0				S			S			
0  	216	AGUA CORR.B.S.CAYET./STA.LUCIA	0	0	1	0				S			S			
0  	217	FDO.EMP. PRODUCTIVOS (FOMEPRO)	0	0	1	0				S			S			
0  	218	ARCHIVO HISTORICO (AFECTADO)  	0	0	1	0				S			S			
0  	219	EDIFICIOS HISTORICOS(AFECTADO)	0	0	1	0				S			S			
0  	220	MUSEO DEL AUTOMOVIL (AFECTADO)	0	0	1	0				S			S			
0  	221	PLAN FEDERAL DE VIVIENDAS     	0	0	1	0				S			S			
0  	222	AP.SIDERCA UNIDAD DE TERAPIA  	0	0	1	0				S			S			
0  	223	OFICINA DE EMPLEO (AFECTADO)  	0	0	1	0				S			S			
0  	224	OFICINA DE EMPLEO (AFECTADO)  	0	0	1	0				S			S			
0  	225	MTRIO. SALUD PROG. SANITARIOS 	0	0	1	0				S			S			
0  	226	AP.SIDERCA A.C.P.E. 6 DE JULIO	0	0	1	0				S			S			
0  	227	AP.SIDERCA A.C.P.BIBLIOTECA   	0	0	1	0				S			S			
0  	228	AP.SIDERCA ADQ. PC (AFECTADO) 	0	0	1	0				S			S			
0  	230	MULTAS POR CONTRAVENCION      	0	0	1	0				S			S			
1  	230	TASA POR ACTUACION ADMINISTR. 	0	0	1	0				S			S			
1MO	230	MULTA X CONTRAV.ORD.6457/15   	0	0	1	0				S			S			
0  	231	LEY 11430 - RUTAS Y CAMINOS   	0	0	1	0				S			S			
1  	231	LEY 11430-RUTAS Y CAMINOS MUN.	0	0	1	0				S			S			
2  	231	LEY 11430-RUTAS Y CAMINOS PCIA	0	0	1	0				S			S			
3  	231	MULTAS LEY 11430 (D.DE OFIC.) 	0	0	1	0				S			S			
4  	231	LEY 11430-RUTAS Y CAMINOS ASER	0	0	1	0				S			S			
0  	240	LOCACION DE BIENES MUNICIPALES	0	0	1	0				S			S			
0  	250	INGRESOS VARIOS               	0	0	1	0				S			S			
0  	260	FONDO DE TERCEROS (CARNET)    	0	0	1	0				S			S			
0  	265	I.N.S.S.J.P. DECRETO 480/2006 	0	0	1	0				S			S			
0  	270	PAV. AVENIDA AMEGHINO         	0	0	1	0				S			S			
0  	280	EDEN PRODUCIDO ORD. 1764/84   	0	0	1	0				S			S			
0  	285	HABERES PENDIENTES DE PAGO    	0	0	1	0				S			S			
0  	290	I.P.S. APORTES PERSONALES     	0	0	1	0				S			S			
0  	300	F.HOGAR DE ANCIANOS (AFECTADO)	0	0	1	0				S			S			
0  	305	FIESTAS Y EVENTOS (AFECTADO)  	0	0	1	0				S			S			
0  	310	I.O.M.A. APORTES PERSONALES   	0	0	1	0				S			S			
0  	320	SINDICATO MUNICIPAL AP.PERSON.	0	0	1	0				S			S			
0  	330	HONORARIOS Y COSTAS JUDICIALES	0	0	1	0				S			S			
1  	330	HONORARIOS ART.45 D.R.1566/09 	0	0	1	0				S			S			
2  	330	HONOR.D.R.1566/09 30% A MUNIC.	0	0	1	0				S			S			
3  	330	TASA JUSTICIA D.R.1566/2009   	0	0	1	0				S			S			
4  	330	SOBRETAS.JUST.10% D.R.1566/09 	0	0	1	0				S			S			
5  	330	APORTE 10%DE HONOR.D.R.1566/09	0	0	1	0				S			S			
6  	330	CARGO ADMINISTR. D.R.1566/09  	0	0	1	0				S			S			
7  	330	IUS PREVISIONAL(MAN.MUNICIPAL)	0	0	1	0				S			S			
8  	330	BONO LEY (MANDAT.MUNICIPAL)	0	0	1	0				S			S			
9  	330	ING.BRUTOS 3.5% D.R. 1566/09  	0	0	1	0				S			S			
10  	330	APORTE PREV.A/C.MANDAT.EXT.10%	0	0	1	0				S			S			
0  	340	FDOS.VS.DE TERC.D.P.R.31/78   	0	0	1	0				S			S			
0  	345	FONDOS EN GARANTIA-RETENCIONES	0	0	1	0				S			S			
0  	350	EMBARGOS                      	0	0	1	0				S			S			
0  	360	SEGURO DE VIDA VOLUNTARIO     	0	0	1	0				S			S			
0  	380	APORTE REMODEL.HOSPITAL M.S.J.	0	0	1	0				S			S			
0  	390	A.FINANCIERO DTO. 1620/83     	0	0	1	0				S			S			
1  	390	A.FINANCIERO DTO. 1799/83     	0	0	1	0				S			S			
0  	400	SUBSID.PCIAL.FINANC.OBRAS.PCAS	0	0	1	0				S			S			
0  	410	INTERESES SOBRE DEPOSITOS     	0	0	1	0				S			S			
0  	420	REINTEGRO ANTIC.JUBILATORIOS  	0	0	1	0				S			S			
0  	430	PRODUCIDO MERCAD.COMUNITARIO  	0	0	1	0				S			S			
0R 	430	PRODUCIDO MERCADO COMUNITARIO 	0	0	1	0				S			S			
0  	440	VENTA DE BIENES MUNICIPALES   	0	0	1	0				S			S			
0  	450	PRESTAMO BCO.PCIA DE BS.AS.   	0	0	1	0				S			S			
0  	455	AFECTACION- CTA ESPECIAL 707  	0	0	1	0				S			S			
0  	460	FDO.VS.DE TERC.(CTA.DE TERC.) 	0	0	1	0				S			S			
0  	465	B.92 VIV.EX_COMBAT.ATLANT.SUR 	0	0	1	0				S			S			
0  	470	SUBS. TRATAMIENTOS QUIRURGICOS	0	0	1	0				S			S			
0  	475	EQUIP. CLINICA MEDICA HOSPITAL	0	0	1	0				S			S			
0  	480	FDO.ESP.O.MUNICIP. LEY 10867  	0	0	1	0				S			S			
0  	490	SUB.AS.AL. RES. 748/92        	0	0	1	0				S			S			
0  	500	TASA POR SERVICIOS ASISTENCIAL	0	0	1	0				S			S			
0  	510	PROGRAMA DE INFRAES.SOC.PCIA. 	0	0	1	0				S			S			
0  	515	PROGRAMA CRECER               	0	0	1	0				S			S			
0  	520	INMOBILIARIO RURAL            	0	0	1	0				S			S			
0  	530	INGRESOS BRUTOS               	0	0	1	0				S			S			
0  	540	PROGR.NAC.PROMOCION DE EMPLEO 	0	0	1	0				S			S			
0  	550	D.USO M.PRODUC.Y FRUTOS       	0	0	1	0				S			S			
1  	550	D.USO M.PRODUC. Y FRUTOS      	0	0	1	0				S			S			
0  	560	CONEXION DE AGUA              	0	0	1	0				S			S			
0  	570	CONEXION DE CLOACAS           	0	0	1	0				S			S			
0  	575	PROG.CULTURA ITINERANTE(AFEC.)	0	0	1	0				S			S			
0  	580	CTAS.DE 3EROS.RETENC. I.V.A.  	0	0	1	0				S			S			
0  	590	CTA.DE TERCEROS- PAVIMENTO    	0	0	1	0				S			S			
0  	595	COBRO CESION DEL CREDITO GMS  	0	0	1	0				S			S			
0  	600	"CTA.DE TERC.""EXTE.2200-17094"" "	0	0	1	0				S			S			
0  	610	RETENCION INGRESOS BRUTOS     	0	0	1	0				S			S			
0  	620	RETENCION IMP.A LAS GANANCIAS 	0	0	1	0				S			S			
0  	630	PLAN FAMILIA PROPIETARIA      	0	0	1	0				S			S			
0  	640	RETENCION I.V.A.              	0	0	1	0				S			S			
0  	650	OBRAS PAVIMENTO ORD.2921      	0	0	1	0				S			S			
0  	660	FDO.MUN.P/VIVIENDA ORD.3406/97	0	0	1	0				S			S			
1  	660	FDO.MUN.P/VIVIENDA ORD (PF/PJ) .3406/97	0	0	1	0				S			S			
0  	665	FONDO MUN. PAVIMENTACION UGDE 	0	0	1	0				S			S			
0  	667	REINT.OBRAS PAVIMENT.ORD./4534	0	0	1	0				S			S			
0  	668	R.OBRAS PAV. ORD/4534 (C/REC.)	0	0	1	0				S			S			
0  	670	PRESTAMO BCO. PCIA.DE BS.AS.  	0	0	1	0				S			S			
0  	672	CAN.ACUED.CTRAL.TERMOELECTRICA	0	0	1	0				S			S			
0  	675	PFM CLOACAS H.MALVINAS (PREST)	0	0	1	0				S			S			
0  	680	PLAN ALIM.MUNICIPAL (AFECTADO)	0	0	1	0				S			S			
0  	690	CONST.PTA.TRAT.B.A.DEL PLATA  	0	0	1	0				S			S			
0  	700	LICIT.OBRAS PCAS. RETENCIONES 	0	0	1	0				S			S			
0  	710	LIC.OBRAS PCAS. PROPUESTAS    	0	0	1	0				S			S			
0  	715	EVENTOS CULTURALES (AFECTADOS)	0	0	1	0				S			S			
0  	720	CONVENIO CON EL I.O.M.A.      	0	0	1	0				S			S			
0  	730	REG.COPARTICIP.LEY 10559      	0	0	1	0				S			S			
0  	740	CONV.EMPRESAS.MANT.VIAS.ACC.T.	0	0	1	0				S			S			
0  	750	CANON CONCES.Y EXPLOT.DE NICHO	0	0	1	0				S			S			
0  	760	SISTEMA COMPRA MERC.COMUNITAR.	0	0	1	0				S			S			
0  	770	PROG.INFRAESCT.SOC.EMERG.ECO. 	0	0	1	0				S			S			
0  	780	CTA.DE TERC.:PROG.INTENS.TRAB.	0	0	1	0				S			S			
0  	790	FONDO BENEFICO DE RIFAS       	0	0	1	0				S			S			
0  	795	PROGRAMA FORT. MUN. (AFECTADO)	0	0	1	0				S			S			
0  	800	FDO.MPAL.FORTALEC.SEGURIDAD(AF	0	0	1	0				S			S			
0  	810	FDO.PARA INFRAEST.MUNICIPAL(AF	0	0	1	0				S			S			
0  	1001	PATENTE DE RODADOS MENORES    	0	0	1	0				S			S			
1  	1001	PATENTE DE RODADOS MENORES    	0	0	1	0				S			S			
1C 	1001	PATENTE DE RODADOS MENORES    	0	0	1	0				S			S			
0  	1500	IMPUESTO AUTOMOTORES          	0	0	1	0				S			S			
1  	1500	IMPUESTO AUTOMOTOR            	0	0	1	0				S			S			
1C 	1500	CUOTA IMPUESTO AUTOMOTOR      	0	0	1	0				S			S			
0  	1600	IMP. AUT. MORATORIA LEY 11253 	0	0	1	0				S			S			
0  	1601	IMP. AUT. MORATORIA LEY 11.389	0	0	1	0				S			S			
0  	1602	IMP.AUT. MORAT.DEC. 1523/94 PE	0	0	1	0				S			S			
0  	1603	IMP.AUT. MORAT.DEC. 1523/94 FP	0	0	1	0				S			S			
0  	1604	IMP. AUT. MORATORIA ART. 79 CF	0	0	1	0				S			S			
0  	1605	IMP.AUT.MORAT. LEY 11.808 IMP.	0	0	1	0				S			S			
0  	1606	IMP.AUT.MORAT. LEY 11.808 CAT.	0	0	1	0				S			S			
0  	1607	IMP.AUT. MORATORIA DEC.3943/96	0	0	1	0				S			S			
0  	1608	IMP.AUT.MORAT. LEY 12.049 IMP.	0	0	1	0				S			S			
0  	1609	IMP.AUT.MORAT. LEY 12.049 CAT.	0	0	1	0				S			S			
0  	1610	IMP.AUT.MORAT. LEY 12.233 IMP.	0	0	1	0				S			S			
0  	1611	IMP.AUT.MORAT. LEY 12.233 CAT.	0	0	1	0				S			S			
0  	1612	IMP.AUT. MORATORIA ART. 85 C.F	0	0	1	0				S			S			
0  	1613	IMP.AUT. MORATORIA ART. 86 C.F	0	0	1	0				S			S			
0  	1614	IMP.AUT. MORATORIA PLAN 2000  	0	0	1	0				S			S			
0  	1615	IMP.AUT. MORATORIA LEY 12.397 	0	0	1	0				S			S			
0  	1616	IMP.AUT. MORATORIA ART. 84 BIS	0	0	1	0				S			S			
0  	1617	IMP.AUT. MORATORIA DEC.1309/01	0	0	1	0				S			S			
0  	1618	IMP.AUT. MORATORIA DEC.1309/01	0	0	1	0				S			S			
0  	1619	IMP.AUT. MORATORIA LEY 12.727 	0	0	1	0				S			S			
0  	1620	IMP.AUT. MORATORIA LEY 12.837 	0	0	1	0				S			S			
0  	1621	IMP.AUT. MORATORIA LEY 12.914 	0	0	1	0				S			S			
0  	1622	IMP.AUT. MORAT. LEY 12.914 C.I	0	0	1	0				S			S			
0  	1623	IMP.AUT. MORATORIA LEY 13.003 	0	0	1	0				S			S			
0  	1624	IMP.AUT.MOR. LEY 12.914 CAP.II	0	0	1	0				S			S			
0  	1625	IMP.AUT.MORAT. ART.84 BIS 2002	0	0	1	0				S			S			
0  	1690	IMP.AUT. OTRAS MORATORIAS     	0	0	1	0				S			S			
0  	2501	TASA POR SERVICIOS GENERALES	0	0	1	0				S			S			
1  	2501	TASA POR SERVICIOS GENERALES	0	0	1	0				S			S			
1B 	2501	COOP.B.VOLUNT.DTO.2062/08(AF.)	0	0	1	0				S			S			
1C 	2501	TASA POR SERVICIOS GENERALES	0	0	1	0				S			S			
1CB	2501	BON.O.F.I.6601-2/17 D.R.120/18	0	0	1	0				S			S			
1CV	2501	BONIFICACION DTO. 1630/16     	0	0	1	0				S			S			
1E 	2501	FDO.CONSTR.Y MANT.EST.EDUCAC. 	0	0	1	0				S			S			
1M 	2501	MORATORIA BARRIDO, LIMP. Y CVP	0	0	1	0				S			S			
1PC	2501	TASA POR PREVENCION CIUDADANA 	0	0	1	0				S			S			
1S 	2501	SEMESTRE BARRIDO,LIMPIEZA,CVP.	0	0	1	0				S			S			
1SP	2501	TASA APORTE PARA LA SALUD PCA.	0	0	1	0				S			S			
1T 	2501	TRIMESTRE BARRIDO,LIMPIEZA,CVP	0	0	1	0				S			S			
0  	2505	SERVICIO SANITARIO MEDIDO     	0	0	1	0				S			S			
1  	2505	SERVICIO SANITARIO MEDIDO     	0	0	1	0				S			S			
1A 	2505	ANTICIPO SERV. SANIT. MEDIDO  	0	0	1	0				S			S			
1C 	2505	CUOTA SERV. SANITARIO MEDIDO  	0	0	1	0				S			S			
1P 	2505	FONDO REDES CLOACALES         	0	0	1	0				S			S			
0  	2506	CANON CONCESION S. SANITARIOS 	0	0	1	0				S			S			
0  	2510	SERVICIO SANITARIO NO MEDIDO  	0	0	1	0				S			S			
1  	2510	SERVICIO SANITARIO NO MEDIDO  	0	0	1	0				S			S			
1A 	2510	ANTICIPO SERV.SANIT. NO MEDIDO	0	0	1	0				S			S			
1C 	2510	CUOTA SERV. SANIT. NO MEDIDO  	0	0	1	0				S			S			
1P 	2510	FONDO REDES CLOACALES         	0	0	1	0				S			S			
0  	2515	RED VIAL	0	0	1	0				S			S			
1  	2515	RED VIAL	0	0	1	0				S			S			
1A 	2515	ACDO.DE RED VIAL ATRASADO     	0	0	1	0				S			S			
1B 	2515	COOP.B.VOLUNT.DTO.2062/08(AF.)	0	0	1	0				S			S			
1C 	2515	RED VIAL	0	0	1	0				S			S			
1CB	2515	BON.O.F.I.6601-2/17 D.R.120/18	0	0	1	0				S			S			
1E 	2515	FDO. CONST. MANT. EDIF. EDUC. 	0	0	1	0				S			S			
1M 	2515	MORATORIA RED VIAL EJERC.ANT  	0	0	1	0				S			S			
1PC	2515	TASA POR PREVENCION CIUDADANA 	0	0	1	0				S			S			
1S 	2515	SEMESTRE RED VIAL MUNICIPAL   	0	0	1	0				S			S			
1SP	2515	TASA APORTE PARA LA SALUD PCA.	0	0	1	0				S			S			
0  	2530	PAV. HORMIGON 36 C. CASC. URB.	0	0	1	0				S			S			
0  	2545	AP.HOGAR MATERNO INFANTIL     	0	0	1	0				S			S			
0  	2550	CONVENIO ABSA S.SANIT.ATRASAD.	0	0	1	0				S			S			
0  	2555	ACUERDO ACSA SERVICIOS SANIT. 	0	0	1	0				S			S			
0  	2560	ACDO.JUDICIAL ACSA SERV.SANIT.	0	0	1	0				S			S			
0  	2565	NOTA DEBITO ACSA SERV. SANIT. 	0	0	1	0				S			S			
0  	2600	"SUBSIDIO EQ.PROGRAM.""HACIENDO"""	0	0	1	0				S			S			
0  	2630	PAV.AV.TTE.GRAL.J.D.PERON     	0	0	1	0				S			S			
0  	2640	FONDO SOLIDARIO PROVINCIAL    	0	0	1	0				S			S			
0  	2650	CIMOPU (AFECTADO)             	0	0	1	0				S			S			
0  	2700	COOP.SEGURIDAD PUBLICA(AFECT.)	0	0	1	0				S			S			
0  	2750	PAVIM.PARA 132 CUADRAS(AFECT.)	0	0	1	0				S			S			
0  	2755	APORTE MAT.VIVIENDA ISLE¥OS   	0	0	1	0				S			S			
0  	2800	SUBS.MANT.CAMINOS ZONA DELTA  	0	0	1	0				S			S			
0  	2850	OBRA DE INFRAESTRUCTURA (AFEC.	0	0	1	0				S			S			
0  	2900	PROG.FINANCIAM.INFRAEST.O.PCAS	0	0	1	0				S			S			
0  	3000	APORTE CONINDELTA (AFECTADO)  	0	0	1	0				S			S			
0  	3010	REINTEGRO OBRAS CLOACALES     	0	0	1	0				S			S			
1  	3010	REINTEGRO OBRAS CLOACALES     	0	0	1	0				S			S			
0  	3012	OBRAS CLOACAS (CONVENIO EMACO)	0	0	1	0				S			S			
0  	3013	CAMPA¤A DE VACUNAC.(AFECTADO) 	0	0	1	0				S			S			
0  	3014	ACT.RECREAT.Y EVENTOS(AFECT.) 	0	0	1	0				S			S			
0  	3015	RED CLOACAL ORD. 4534/2004    	0	0	1	0				S			S			
0  	3016	RED CLOACAL ORD. 4534/2004    	0	0	1	0				S			S			
0  	3017	AP.EMPRESAS FEST.130 A.CAMPANA	0	0	1	0				S			S			
0  	3018	FDO.FORT.SERVICIOS MUNICIPALES	0	0	1	0				S			S			
0  	3020	PLAN PAVIMENT.CALLE VIAMONTE  	0	0	1	0				S			S			
1  	3020	PLAN PAVIMENT.CALLE VIAMONTE  	0	0	1	0				S			S			
0  	3030	PLAN PAV.26 CUADRAS PLAN FORT.	0	0	1	0				S			S			
1  	3030	PLAN PAV.26 CUADRAS PLAN FORT.	0	0	1	0				S			S			
0  	3040	PLAN AGUA CORRIENTE PLAN FORT.	0	0	1	0				S			S			
1  	3040	PLAN AGUA CORRIENTE PLAN FORT.	0	0	1	0				S			S			
0  	3045	PLAN AGUA CORRIENTE FORTALEC. 	0	0	1	0				S			S			
0  	3050	PLAN PAV.SAN MARTIN           	0	0	1	0				S			S			
1  	3050	PLAN PAV. CALLE SAN MARTIN    	0	0	1	0				S			S			
0  	3060	PLAN PAVIMENT.EMPRESA CALDERA 	0	0	1	0				S			S			
1  	3060	PLAN PAVIMENT.EMPRESA CALDERA 	0	0	1	0				S			S			
0  	3370	PLAN GAS (VALROM) X ORD.      	0	0	1	0				S			S			
1  	3370	PLAN GAS (VALROM) CERT.DEUDA  	0	0	1	0				S			S			
0  	3380	PLAN GAS (VIDELPO) X ORDEN.   	0	0	1	0				S			S			
1  	3380	PLAN GAS (VIDELPO) X CERT.DEU.	0	0	1	0				S			S			
0  	3390	PLAN GAS (VALROM) P.ESPECIAL  	0	0	1	0				S			S			
1  	3390	PLAN GAS (VIDELPO) P.ESPECIAL 	0	0	1	0				S			S			
0  	3400	MATERIAL P./OB.INFRAESTRUCTURA	0	0	1	0				S			S			
1  	3400	PLAN DE GAS ESPECIALES        	0	0	1	0				S			S			
0  	3413	EVENTOS ESPECIALES (AFECTADO) 	0	0	1	0				S			S			
0  	3414	PROGRAMA MEDICOS COMUNIT.(AF.)	0	0	1	0				S			S			
0  	3480	AP. EMPRES.BIBLIOTECA PUB. MUN	0	0	1	0				S			S			
0  	3500	REINT.OB.PAV.AV.PERON (1ER.ET.	0	0	1	0				S			S			
0  	3501	AP. CONST. CAPS N§17 LAS CAMP.	0	0	1	0				S			S			
0  	3550	PROARSA RED DIS.AGUA B.ALBIZOL	0	0	1	0				S			S			
0  	3560	PROARSA R.AGUA OTAMENDI I(AF.)	0	0	1	0				S			S			
0  	3570	PROARSA R.AGUA OTAMENDI II(AF.	0	0	1	0				S			S			
0  	3580	PROARSA R.AGUA LAS PRAD.I(AF.)	0	0	1	0				S			S			
0  	3590	PROARSA R.AGUA LAS PRAD.II(AF.	0	0	1	0				S			S			
0  	3595	PROARSA R.AGUA EL PARQUE I(AF.	0	0	1	0				S			S			
0  	3596	RED AGUA POT.R.LUJAN/PIONEROS 	0	0	1	0				S			S			
0  	3597	PLAYON DEPORT.CIC B§LUBO(AFEC)	0	0	1	0				S			S			
0  	3598	CANON CONCES.ESTAC.MEDIDO(AF.)	0	0	1	0				S			S			
0  	3599	SUBS.TRABAJ.HOSPIT.MPALES(AF.)	0	0	1	0				S			S			
0  	3600	DES.PLUV. S.FELIPE DTO.3499/97	0	0	1	0				S			S			
0  	3603	FOTOMULTAS                    	0	0	1	0				S			S			
0  	3604	BICI GUIAS AMBIENTALES (AF.)  	0	0	1	0				S			S			
0  	3605	CONV.DESC.TRIB.INMOB.Y PATENT.	0	0	1	0				S			S			
0  	3610	COOP.BOMBEROS VOLUNT.(AFECT.) 	0	0	1	0				S			S			
0  	3615	CANON CONC.SERV.SANIT.(AFECT.)	0	0	1	0				S			S			
0  	3620	FONDO REDES CLOACALES         	0	0	1	0				S			S			
0  	3621	CONST.SEC.IND.PLANIF.(PQE.IND)	0	0	1	0				S			S			
0  	3625	APORTE ESSO PZA.E.COSTA(AFEC.)	0	0	1	0				S			S			
0  	3630	AP.SIDERCA CAPS B.LAS CAMPANAS	0	0	1	0				S			S			
0  	3635	CONSTRUCCION DE NICHOS (AFECT)	0	0	1	0				S			S			
0  	3640	CONST.DE COLUMBARIOS(AFECTADO)	0	0	1	0				S			S			
0  	3645	AGENCIA DE TRABAJO (AFECTADO) 	0	0	1	0				S			S			
0  	3650	F.FORT.PROG.SOC.LEY 13163(AF.)	0	0	1	0				S			S			
0  	3655	TRAT.RESIDUOS LEY 13163(AFEC.)	0	0	1	0				S			S			
0  	3660	PRODENI (AFECTADO)            	0	0	1	0				S			S			
0  	3665	CONSTRUCCION HOGAR MAT.INFANT.	0	0	1	0				S			S			
0  	3670	PLAN ALIM.MUNICIPAL (AFECTADO)	0	0	1	0				S			S			
0  	3675	PLAN ALIM.CELIACOS (AFECTADO) 	0	0	1	0				S			S			
0  	3680	TORNEOS BONAERENSES (AFECTADO)	0	0	1	0				S			S			
0  	3685	TORNEOS/ENC.LOCALES (AFECT.)  	0	0	1	0				S			S			
0  	3690	COMADRES (AFECTADO)           	0	0	1	0				S			S			
0  	3691	EVENTOS SOCIALES (AFECTADO)   	0	0	1	0				S			S			
0  	3692	CAMB.SISTEM.ALUMB.PCO. AFECT. 	0	0	1	0				S			S			
0  	3693	AP.MINIST.JEFAT.GABIN.MIN.(AF)	0	0	1	0				S			S			
0  	3694	P.PROV.DES.PRO.1629 DES.PLU.B§	0	0	1	0				S			S			
0  	3695	VENTA DE TIERRAS Y TERRENOS   	0	0	1	0				S			S			
0  	3696	AP.EMPRESAS FUNC.H.ANC.(AFECT)	0	0	1	0				S			S			
0  	3697	APOYO ECO.MIN.DES.SOC.NAC.(AF)	0	0	1	0				S			S			
0  	3698	AP.PROVEN.DE EMPRESAS (AFEC.) 	0	0	1	0				S			S			
0  	3699	P.C.B.PROG.AGRIC.PERIURB.(AF.)	0	0	1	0				S			S			
0  	3700	AP.INST.ENS.POR EMPRESAS(AFEC)	0	0	1	0				S			S			
0  	3701	PRO.CRE.AR.(AFECTADO)         	0	0	1	0				S			S			
0  	3705	FUNCION.HOGAR MAT.INF.(AFECT.)	0	0	1	0				S			S			
0  	3710	EMPREND.PRODUC.BCO.NAC.(AFECT)	0	0	1	0				S			S			
0  	3715	COMPENSACION TESORO NACIONAL  	0	0	1	0				S			S			
0  	3716	FDO.PARA FORTAL.RECURS.MUNIC. 	0	0	1	0				S			S			
0  	3717	FDO.MUNIC.INCLUSION SOCIAL    	0	0	1	0				S			S			
0  	3718	JUEG.AZAR Y CASINOS O.PRO.(AF)	0	0	1	0				S			S			
0  	3719	PROGRAMA ING.SOC.C.TRABAJO(AF)	0	0	1	0				S			S			
0  	3720	PROMOCION DEL DEPORTE(AFECTAD(	0	0	1	0				S			S			
0  	3721	A.EMPR.MAS VIDA J.COMUNID.(AF)	0	0	1	0				S			S			
0  	3723	ADELANTO DEL TESORO PROVINCIAL	0	0	1	0				S			S			
0  	3724	FIESTAS DE INTERES MUNICIPAL  	0	0	1	0				S			S			
0  	3725	PLAN NACER (AFECTADO)         	0	0	1	0				S			S			
0  	3726	D.EQU.CAPS N§6 VILLAN.(AFECT.)	0	0	1	0				S			S			
0  	3727	REMOD.Y REFACC.ED.MPAL.(AFECT)	0	0	1	0				S			S			
0  	3728	I.SEG.E HIG.FAB.ABON.Y PLAGIC.	0	0	1	0				S			S			
0  	3729	PRO.SAN.E. (AFECTADO)         	0	0	1	0				S			S			
0  	3730	CONVENIO FORTAL.LOGISTICO(AF.)	0	0	1	0				S			S			
0  	3731	EQUIP.SALA CLINICA MEDICA(AF.)	0	0	1	0				S			S			
0  	3732	FDO.EDUCATIVO PROVINCIAL (AF) 	0	0	1	0				S			S			
0  	3733	OB.CLOACAS: 5§ ETAPA B§URQUIZA	0	0	1	0				S			S			
0  	3734	OB.CLOACAS: BARRIO ALBERDI    	0	0	1	0				S			S			
0  	3735	SEPARAC.RESIDUOS URBANOS (AF.)	0	0	1	0				S			S			
0  	3736	OB.CLOACAS:9§TRAMO B§URQUIZA 2	0	0	1	0				S			S			
0  	3737	OB.CLOACAS:7§TRAMO B§PETROLERO	0	0	1	0				S			S			
0  	3738	OB.CLOACAS:6§TRAMO B§ DEL PINO	0	0	1	0				S			S			
0  	3739	OB.CLOACAL:1§TR.B§LAS CAMPANAS	0	0	1	0				S			S			
0  	3740	DELTA CAMPANENSE (AFECTADO)   	0	0	1	0				S			S			
0  	3741	AP.EMPRES.REMOD.FACH.PAL.MPAL.	0	0	1	0				S			S			
0  	3742	OB.CLOACAS:12§TR.B§ SARMIENTO 	0	0	1	0				S			S			
0  	3743	OB.CLOACAL:8§TRAMO B§DEL PINO2	0	0	1	0				S			S			
0  	3744	OB.CLOACAS:10§TR.B.B§PROVINCIA	0	0	1	0				S			S			
0  	3745	P.MARCHA UTI FD.PROV.SALUD(AF)	0	0	1	0				S			S			
0  	3746	PROGRAMA ENVION               	0	0	1	0				S			S			
0  	3747	INSPECCIONES REITERADAS       	0	0	1	0				S			S			
0  	3748	EVALUACION AMBIENTAL          	0	0	1	0				S			S			
0  	3749	ASISTENCIA TECNICA Y CAPACIT. 	0	0	1	0				S			S			
0  	3750	BANCO PROVINCIA-OBRA INFRAEST.	0	0	1	0				S			S			
0  	3751	COLECTOR CLOAC.:B§LAS CAMPANAS	0	0	1	0				S			S			
0  	3752	OB.CLOACAS:11§TR.B§SARMIENTO 2	0	0	1	0				S			S			
0  	3753	PAV.AC.INST.B§LUBO, 9 DE JULIO	0	0	1	0				S			S			
0  	3754	PAV. ACCESO B§ ALBIZOLA       	0	0	1	0				S			S			
0  	3755	PLAZA B§ LA ARGENTINA         	0	0	1	0				S			S			
0  	3756	PLAZA BARRIO DEL PINO         	0	0	1	0				S			S			
0  	3757	PLAZA INDEPEND. B§ 9 DE JULIO 	0	0	1	0				S			S			
0  	3758	PLAZA MANUEL CACERES B§ LUBO  	0	0	1	0				S			S			
0  	3760	CONVENIO DESC.EN INFRAEST.(AF)	0	0	1	0				S			S			
0  	3765	AP. EMPRES. BIBLIOT.PCA.MPAL. 	0	0	1	0				S			S			
0  	3770	SERV.LAB. UHSJ FDO.PROV.SALUD 	0	0	1	0				S			S			
0  	3775	AP.SUBS.-TECHO DIGNO 104 VIV. 	0	0	1	0				S			S			
0  	3780	AP.UOM.-TECHO DIGNO 104 VIV.IN	0	0	1	0				S			S			
0  	3781	PLAZA BARRIO SAN FELIPE       	0	0	1	0				S			S			
0  	3782	PLAZA BARRIO SANTA FLORENTINA 	0	0	1	0				S			S			
0  	3783	PLAZA BARRIO NUEVO DALMINE    	0	0	1	0				S			S			
0  	3784	PASEO COSTANERO               	0	0	1	0				S			S			
0  	3785	ALUM.PCO.B§PERIF.COL.ALUM.COMP	0	0	1	0				S			S			
0  	3786	CASA ABRIB.MUJERES VICT.VIOLEN	0	0	1	0				S			S			
0  	3787	SELLADO JUNTAS 200 C.CASC.URB.	0	0	1	0				S			S			
0  	3788	DON.F.HNOS.ROCCA MEJ.B§SIDERCA	0	0	1	0				S			S			
0  	3789	PROFODE(PROG.FORT.EST.TURIS.E)	0	0	1	0				S			S			
0  	3790	EXTEN.DE RED GAS B§LAS ACACIAS	0	0	1	0				S			S			
0  	3800	AP.MIN.DE INDUST.-PARQUE INDUS	0	0	1	0				S			S			
0  	3810	E.U.H.S.J.A.VIDEOCOLONC.(AF)  	0	0	1	0				S			S			
0  	3820	PAV.BELLOMO E.RTA.6/VIGALONDO 	0	0	1	0				S			S			
0  	3825	PROG.PROV.ASIS.DES.METEOR.(AF)	0	0	1	0				S			S			
0  	3830	APORTE FONEDA (AFECTADO)      	0	0	1	0				S			S			
0  	3840	B§SAN CAYETANO OB.INFR.EST.COM	0	0	1	0				S			S			
0  	3850	OTROS INGRESOS A DISTRIBUIR   	0	0	1	0				S			S			
0  	3860	PROGRAMA PAC (AFECTADO)       	0	0	1	0				S			S			
0  	3870	REINT. IPS. ANTIC. A JUBILADOS	0	0	1	0				S			S			
0  	3875	APORTE SEC.DH - CASA ABRIGO   	0	0	1	0				S			S			
0  	5000	ACUERDO SEGURIDAD E HIGIENE   	0	0	1	0				S			S			
0 A	5000	ACUERDO SEGURIDAD E HIGIENE   	0	0	1	0				S			S			
0 C	5000	ACUERDO SEGURIDAD E HIGIENE   	0	0	1	0				S			S			
0CA	5000	ACUERDO SEGURIDAD E HIGIENE   	0	0	1	0				S			S			
0CC	5000	ACUERDO SEGURIDAD E HIGIENE   	0	0	1	0				S			S			
0EA	5000	ACUERDO SEGURIDAD E HIGIENE   	0	0	1	0				S			S			
0EC	5000	ACUERDO SEGURIDAD E HIGIENE   	0	0	1	0				S			S			
0I 	5000	INT. ACUERDO SEGURIDAD E HIG. 	0	0	1	0				S			S			
0PA	5000	ACUERDO SEGURIDAD E HIGIENE   	0	0	1	0				S			S			
0RA	5000	ACUERDO SEGURIDAD E HIGIENE   	0	0	1	0				S			S			
0RC	5000	ACUERDO SEGURIDAD E HIGIENE   	0	0	1	0				S			S			
0SA	5000	ACUERDO SEGURIDAD E HIGIENE   	0	0	1	0				S			S			
1C 	5010	ACDO.TASA MANT.VIAL Y SE¥ALIZ.	0	0	1	0				S			S			
1I 	5010	ACDO.INT.MANT.VIAL Y SE¥ALIZ. 	0	0	1	0				S			S			
0C 	5020	ACDO.FACT.LOC.PERM.INST.ANTENA	0	0	1	0				S			S			
0I 	5020	INTERES FACT.LOC.P.INST.ANTENA	0	0	1	0				S			S			
0C 	5025	ACUERDO INSPEC.VERIF.DE ANTENA	0	0	1	0				S			S			
0I 	5025	INTERES INSPEC.VERIF.ANTENAS  	0	0	1	0				S			S			
0  	5160	ACUERDO DE ESPECT.PUBLICOS    	0	0	1	0				S			S			
0 A	5160	ACUERDO ESPECT.PUBLICOS       	0	0	1	0				S			S			
0 C	5160	ACUERDO ESPECT.PUBLICOS       	0	0	1	0				S			S			
0I 	5160	INT. ACUERDO ESPECTAC.PUBLICOS	0	0	1	0				S			S			
0  	5170	ACUERDO DEREC.DE CEMENTERIO   	0	0	1	0				S			S			
0 A	5170	ACUERDO DEREC.DE CEMENTERIO   	0	0	1	0				S			S			
0 C	5170	ACUERDO DEREC.DE CEMENTERIO   	0	0	1	0				S			S			
0I 	5170	INT. ACUERDO DER.DE CEMENTERIO	0	0	1	0				S			S			
0  	5175	ACDO.DER. CEM. (MANTENIMIENTO)	0	0	1	0				S			S			
0 A	5175	ACDO.DER. CEM. (MANTENIMIENTO)	0	0	1	0				S			S			
0 C	5175	ACDO.DER. CEM. (MANTENIMIENTO)	0	0	1	0				S			S			
0I 	5175	INT.ACDO. DER. CEM.(MANTENIM.)	0	0	1	0				S			S			
0  	5180	ACUERDO DEREC.DE CONSTRUCCION 	0	0	1	0				S			S			
0 A	5180	ACUERDO DERECHO DE CONSTRUCC. 	0	0	1	0				S			S			
0 C	5180	ACUERDO DERECHO DE CONSTRUC.  	0	0	1	0				S			S			
0CA	5180	ACUERDO DERECHO DE CONSTRUCCIO	0	0	1	0				S			S			
0CC	5180	ACUERDO DEREC.DE CONSTRUCCION 	0	0	1	0				S			S			
0I 	5180	INT. ACUERDO DEREC.DE CONSTR. 	0	0	1	0				S			S			
0  	5190	ACUERDO DEREC.INSP.VETERINARIA	0	0	1	0				S			S			
0 A	5190	ACUERDO DER.INSP.VETERINARIA  	0	0	1	0				S			S			
0 C	5190	ACUERDO DER.INSP.VETERINARIA  	0	0	1	0				S			S			
0I 	5190	INT. ACUERDO DEREC.INSP.VET.  	0	0	1	0				S			S			
0  	5191	ACUERDO EDEN ORD. 1764/84     	0	0	1	0				S			S			
0 A	5191	ACUERDO EDEN ORD. 1764/84     	0	0	1	0				S			S			
0 C	5191	ACUERDO EDEN ORD. 1764/84     	0	0	1	0				S			S			
0I 	5191	INT. ACUERDO EDEN ORD. 1764/84	0	0	1	0				S			S			
0  	5200	ACUERDO SERV.ESP.LIMP.E HIGIEN	0	0	1	0				S			S			
0 A	5200	ACUERDO SERV.ESP.LIMP.E HIGIEN	0	0	1	0				S			S			
0 C	5200	ACUERDO SERV.ESP.LIMP.E HIGIEN	0	0	1	0				S			S			
0I 	5200	INT. ACUERDO SERV.ES.LIMP.E H.	0	0	1	0				S			S			
0  	5210	ACUERDO MULTAS POR CONTRAVENC.	0	0	1	0				S			S			
0 A	5210	ACUERDOS MULTAS POR CONTRAVEN.	0	0	1	0				S			S			
0 C	5210	ACUERDO MULTAS POR CONTRAVENC.	0	0	1	0				S			S			
0I 	5210	ACUERDO MULTAS POR CONTRAVENC.	0	0	1	0				S			S			
0  	5211	AC.MULTAS CONTR. (LEY 11430)  	0	0	1	0				S			S			
0 A	5211	AC.MULTAS CONTR. (LEY 11430)  	0	0	1	0				S			S			
0 C	5211	AC.MULTAS CONTR. (LEY 11430)  	0	0	1	0				S			S			
0I 	5211	INT. MULTAS CONTR. (LEY 11430)	0	0	1	0				S			S			
0  	5220	ACUERDO SERV.FUNEBRE MUNICIPAL	0	0	1	0				S			S			
0 A	5220	ACUERDO SERV.FUNEBRE MUNICIPAL	0	0	1	0				S			S			
0 C	5220	ACUERDO SERV.FUNEBRE MUNICIPAL	0	0	1	0				S			S			
0I 	5220	INT.ACUERDO SERV.FUNEBRE MPAL.	0	0	1	0				S			S			
0  	5250	ACUERDO INGRESOS VARIOS       	0	0	1	0				S			S			
0I 	5250	ACUERDO INGRESOS VARIOS       	0	0	1	0				S			S			
0  	5345	ACDO. FONDOS EN GTIA.- RETENC.	0	0	1	0				S			S			
0I 	5345	INT.ACDO.FDOS.EN GTIA. RETENC.	0	0	1	0				S			S			
0  	5430	ACUERDO PROD. MERCADO COMUNIT.	0	0	1	0				S			S			
0 A	5430	ACUERDO PROD. MERCADO COMUNIT.	0	0	1	0				S			S			
0 C	5430	ACUERDO PROD. MERCADO COMUNIT.	0	0	1	0				S			S			
0I 	5430	ACUERDO PROD. MERCADO COMUNIT.	0	0	1	0				S			S			
0RA	5430	ACUERDO PROD. MERCADO COMUNIT.	0	0	1	0				S			S			
0RC	5430	ACUERDO PROD. MERCADO COMUNIT.	0	0	1	0				S			S			
0  	5440	ACUERDO APORT.INST.TRAT.QUIR. 	0	0	1	0				S			S			
0 A	5440	ACUERDO APORT.INSTR.TRAT.QUIR.	0	0	1	0				S			S			
0 C	5440	ACUERDO AP.TRAT.INSTR.QUIR.   	0	0	1	0				S			S			
0I 	5440	INTERES ACDO. AP.INST.T.QUIR. 	0	0	1	0				S			S			
0  	5500	ACUERDO PATENTE DE RODADOS    	0	0	1	0				S			S			
0C 	5500	ACUERDO PATENTE DE RODADOS    	0	0	1	0				S			S			
0I 	5500	INT.ACUERDO PATENTE DE RODADOS	0	0	1	0				S			S			
0  	5505	ACUERDO HABILITACION DE COM.  	0	0	1	0				S			S			
0 A	5505	ACUERDO HABILITACION DE COM.  	0	0	1	0				S			S			
0 C	5505	ACUERDO HABILITACION DE COM.  	0	0	1	0				S			S			
0I 	5505	INT. ACUERDO HABILITACIONES   	0	0	1	0				S			S			
0  	5510	ACUERDO INSPECCION TECNICA    	0	0	1	0				S			S			
0 A	5510	ACUERDO INSPECCION TECNICA    	0	0	1	0				S			S			
0 C	5510	ACUERDO INSPECCION TECNICA    	0	0	1	0				S			S			
0I 	5510	ACUERDO INSPECCION TECNICA    	0	0	1	0				S			S			
0  	5515	ACUERDO OCUP.O USO ESP.PUBLICO	0	0	1	0				S			S			
0 A	5515	ACUERDO OCUP.O USO ESP.PUBLICO	0	0	1	0				S			S			
0 C	5515	ACUERDO OCUP.O USO ESP.PUBLICO	0	0	1	0				S			S			
0I 	5515	ACUERDO OCUP.O USO ESP.PUBLICO	0	0	1	0				S			S			
0  	5520	ACUERDO EXPL. DE CANTERAS     	0	0	1	0				S			S			
0 A	5520	ACUERDO EXPL. DE CANTERAS     	0	0	1	0				S			S			
0 C	5520	ACUERDO EXPL. DE CANTERAS     	0	0	1	0				S			S			
0I 	5520	ACUERDO EXPL. DE CANTERAS     	0	0	1	0				S			S			
0  	5525	ACUERDO PUBLICIDAD Y PROPAG.  	0	0	1	0				S			S			
0 A	5525	ACUERDO PUBLICIDAD Y PROPAG.  	0	0	1	0				S			S			
0 C	5525	ACUERDO PUBLICIDAD Y PROPAG.  	0	0	1	0				S			S			
0I 	5525	ACUERDO PUBLICIDAD Y PROPAG.  	0	0	1	0				S			S			
0  	5530	ACUERDO CONEXION DE AGUA      	0	0	1	0				S			S			
0 A	5530	ACUERDO CONEXION DE AGUA      	0	0	1	0				S			S			
0 C	5530	ACUERDO CONEXION DE AGUA      	0	0	1	0				S			S			
0I 	5530	INT. ACUERDO CONEXION DE AGUA 	0	0	1	0				S			S			
0  	5540	ACUERDO CONEXION DE CLOACAS   	0	0	1	0				S			S			
0 A	5540	ACUERDO CONEXION DE CLOACAS   	0	0	1	0				S			S			
0 C	5540	ACUERDO CONEXION DE CLOACAS   	0	0	1	0				S			S			
0I 	5540	INT.ACDO. CONEXION DE CLOACAS 	0	0	1	0				S			S			
0  	5550	ACUERDO D.USO PROD.MERC.FRUTOS	0	0	1	0				S			S			
0 A	5550	ACUERDO D.USO PROD.MERC.FRUTOS	0	0	1	0				S			S			
0 C	5550	ACUERDO PROD.MERC.DE FRUTOS   	0	0	1	0				S			S			
0I 	5550	ACUERDO D.USO PROD.MERC.FRUTOS	0	0	1	0				S			S			
0  	5590	ACUERDO DEBA ORD. 1764/84     	0	0	1	0				S			S			
0 A	5590	ACUERDO DEBA ORD. 1764/84     	0	0	1	0				S			S			
0 C	5590	ACUERDO DEBA ORD. 1764/84     	0	0	1	0				S			S			
0I 	5590	ACUERDO DEBA ORD. 1764/84     	0	0	1	0				S			S			
0  	5600	ACUERDO IMPUESTO AUTOMOTOR    	0	0	1	0				S			S			
0C 	5600	ACUERDO IMPUESTO AUTOMOTOR    	0	0	1	0				S			S			
1I 	5600	INT.ACUERDO IMPUESTO AUTOMOTOR	0	0	1	0				S			S			
0  	6000	ACUERDO ANTERIOR S.E.H.(VIEJO)	0	0	1	0				S			S			
0  	6010	ACUERDO ANTERIOR S.E.H.(NUEVO)	0	0	1	0				S			S			
0  	6015	PRENSA Y DIFUSION(AFECTADOS)  	0	0	1	0				S			S			
0  	6500	MORATORIA SEGURIDAD E HIGIENE 	0	0	1	0				S			S			
0  	7000	ACUERDO BARRIDO,LIMPIEZA Y CVP	0	0	1	0				S			S			
0 A	7000	ACUERDO BARRIDO Y LIMPIEZA CVP	0	0	1	0				S			S			
0 C	7000	ACUERDO BARRIDO,LIMP. DE ACDO.	0	0	1	0				S			S			
0A 	7000	ACUERDO BARRIDO Y LIMPIEZA CVP	0	0	1	0				S			S			
0BA	7000	ACUERDO COOP.BOMBEROS VOLUNT. 	0	0	1	0				S			S			
0BC	7000	ACUERDO COOP.BOMBEROS VOLUNT. 	0	0	1	0				S			S			
0CA	7000	ACUERDO BARRIDO,LIMPIEZA Y CVP	0	0	1	0				S			S			
0CC	7000	ACUERDO BARRIDO,LIMPIEZA Y CVP	0	0	1	0				S			S			
0EA	7000	ACUERDO BARRIDO,LIMPIEZA Y CVP	0	0	1	0				S			S			
0EC	7000	ACUERDO BARRIDO,LIMPIEZA Y CVP	0	0	1	0				S			S			
0I 	7000	INTERES ACUERDO B., L. Y CVP  	0	0	1	0				S			S			
0IA	7000	INTERES ACUERDO B., L. Y CVP  	0	0	1	0				S			S			
0IC	7000	ACUERDO DE BARR.LIMP.DE ACDOS 	0	0	1	0				S			S			
0PA	7000	ACDO.PREVENCION CIUDADANA ANT.	0	0	1	0				S			S			
0PC	7000	ACUERDO PREVENCION CIUDADANA  	0	0	1	0				S			S			
0SA	7000	ACUERDO BARRIDO,LIMPIEZA Y CVP	0	0	1	0				S			S			
0SC	7000	ACUERDO BARRIDO,LIMPIEZA Y CVP	0	0	1	0				S			S			
0TA	7000	ACUERDO BARRIDO,LIMPIEZA Y CVP	0	0	1	0				S			S			
0TC	7000	ACUERDO BARRIDO,LIMPIEZA Y CVP	0	0	1	0				S			S			
1CB	7000	ACUERDO BARR.Y LIMPIEZA BONIF.	0	0	1	0				S			S			
0  	7010	ACUERDO BARR.LIMP.Y CVP (ANT.)	0	0	1	0				S			S			
0  	7020	ACUERDO SERV.SANIT.MED. (ANT.)	0	0	1	0				S			S			
0  	7030	ACUERDO S.SANIT. NO MED.(ANT.)	0	0	1	0				S			S			
0  	7040	ACUERDO RED VIAL (ANTERIOR)   	0	0	1	0				S			S			
0  	7100	ACUERDO SERV. SANITARIO MEDIDO	0	0	1	0				S			S			
0A 	7100	ACUERDO SERV. SANITARIO MEDIDO	0	0	1	0				S			S			
0AA	7100	ACUERDO SERV.SANITARIO MEDIDO 	0	0	1	0				S			S			
0AC	7100	ACUERDO SERV.SANITARIO MEDIDO 	0	0	1	0				S			S			
0C 	7100	ACUERDO SERV. SANITARIO MEDIDO	0	0	1	0				S			S			
0CA	7100	ACUERDO SERV.SANITARIO MEDIDO 	0	0	1	0				S			S			
0CC	7100	ACUERDO SERV.SANITARIO MEDIDO 	0	0	1	0				S			S			
0I 	7100	INT.ACUERDO SER.SANITARIO MED.	0	0	1	0				S			S			
0  	7200	ACUERDO SERV. SANIT. NO MEDIDO	0	0	1	0				S			S			
0 A	7200	ACUERDO SERV. SANIT. NO MEDIDO	0	0	1	0				S			S			
0 C	7200	ACUERDO SERV. SANIT. NO MEDIDO	0	0	1	0				S			S			
0A 	7200	ACUERDO SERV. SANIT. NO MEDIDO	0	0	1	0				S			S			
0AA	7200	ACUERDO SERV.SANIT.NO MEDIDO  	0	0	1	0				S			S			
0AC	7200	ACUERDO SERV.SANIT.NO MEDIDO  	0	0	1	0				S			S			
0C 	7200	ACUERDO SERV. SANIT. NO MEDIDO	0	0	1	0				S			S			
0CA	7200	ACUERDO SERV.SANIT.NO MEDIDO  	0	0	1	0				S			S			
0CC	7200	ACUERDO SERV.SANIT.NO MEDIDO  	0	0	1	0				S			S			
0I 	7200	INT.ACUERDO SERV.SANIT.NO MED.	0	0	1	0				S			S			
0IA	7200	INT. ACUERDO SER.SANIT.NO MED.	0	0	1	0				S			S			
0IC	7200	INT.ACUERDO SERV.SANIT.NO MED.	0	0	1	0				S			S			
0  	7300	ACUERDO RED VIAL              	0	0	1	0				S			S			
0BA	7300	ACUERDO COOP.BOMB.VOLUNTARIOS 	0	0	1	0				S			S			
0BC	7300	ACUERDO COOP.BOMBEROS VOLUNT. 	0	0	1	0				S			S			
0CA	7300	ACUERDO RED VIAL              	0	0	1	0				S			S			
0CC	7300	ACUERDO RED VIAL              	0	0	1	0				S			S			
0EA	7300	ACUERDO RED VIAL              	0	0	1	0				S			S			
0EC	7300	ACUERDO RED VIAL              	0	0	1	0				S			S			
0I 	7300	INTERES ACUERDO RED VIAL      	0	0	1	0				S			S			
0PA	7300	ACDO PREVENC.CIUDADANA (ANT.) 	0	0	1	0				S			S			
0PC	7300	ACDO.TASA PREV. CIUDADANA     	0	0	1	0				S			S			
0SA	7300	ACUERDO RED VIAL (SALUD PCA.) 	0	0	1	0				S			S			
0SC	7300	ACUERDO RED VIAL SALUD PCA.   	0	0	1	0				S			S			
0  	7500	MORATORIA BARRIDO, LIMPIEZA ET	0	0	1	0				S			S			
0  	7505	MORATORIA SERV. SANIT. MEDIDO 	0	0	1	0				S			S			
0  	7510	MORATORIA SERV.SANIT.NO MEDIDO	0	0	1	0				S			S			
0  	7515	MORATORIA RED VIAL            	0	0	1	0				S			S			
0  	7540	ACUERDO P.NAC.PROM.DEL EMPLEO 	0	0	1	0				S			S			
0I 	7540	ACUERDO P.NAC.PROM. DEL EMPLEO	0	0	1	0				S			S			
0  	7550	ACUERDO CTA.ACSA SERV.SANITAR.	0	0	1	0				S			S			
0I 	7550	INT.ACDO.CUOTA ACSA SERV.SAN. 	0	0	1	0				S			S			
0  	7555	ACDO.PLAN ANT.ACSA SERV.SANIT.	0	0	1	0				S			S			
0I 	7555	INT.ACDO.PLAN ANTER.ACSA S.S. 	0	0	1	0				S			S			
0  	8000	ACUERDO REINTEGRO OB. CLOACAS 	0	0	1	0				S			S			
0 A	8000	ACUERDO PLAN FORTAL.OB.CLOACAS	0	0	1	0				S			S			
0 C	8000	ACUERDO PLAN FORTAL.OB.CLOACAS	0	0	1	0				S			S			
0I 	8000	INT. ACUERDO REINT. OB.CLOACAS	0	0	1	0				S			S			
0  	8002	ACUERDO OB.CLOACAS CONV. EMACO	0	0	1	0				S			S			
0I 	8002	INT. AC. OB.CLOACAS CONV.EMACO	0	0	1	0				S			S			
0  	8005	ACUERDO RED CLOACAL 4534/2004 	0	0	1	0				S			S			
0I 	8005	INT.ACDO.RED CLOACAS 4534/2004	0	0	1	0				S			S			
0  	8006	ACDO.CLOACAS BO.DN.FRAN. C/REC	0	0	1	0				S			S			
0I 	8006	INT.ACDO.RED CLOACAL 4534/2004	0	0	1	0				S			S			
0  	8010	ACUERDO PLAN PAV.VIAMONTE     	0	0	1	0				S			S			
0 A	8010	ACUERDO PAV.CALLE VIAMONTE    	0	0	1	0				S			S			
0 C	8010	ACUERDO PAV.CALLE VIAMONTE    	0	0	1	0				S			S			
0I 	8010	ACUERDO PAV.CALLE VIAMONTE    	0	0	1	0				S			S			
0  	8020	ACUERDO PLAN FORT.OB.PAV.26 C.	0	0	1	0				S			S			
0 A	8020	ACUERDO PLAN FORT.OB.PAV.26 C.	0	0	1	0				S			S			
0 C	8020	ACUERDO PLAN FORT.OB.PAV.26 C.	0	0	1	0				S			S			
0I 	8020	ACUERDO PLAN FORT.OB.PAV.26.C.	0	0	1	0				S			S			
0  	8030	ACUERDO PLAN FORT.OB.AGUA CTE.	0	0	1	0				S			S			
0 A	8030	ACUERDO PLAN FORT. OB.AGUA CTE	0	0	1	0				S			S			
0 C	8030	ACUERDO PLAN FORT.OB. AGUA CTE	0	0	1	0				S			S			
0I 	8030	ACUERDO PLAN FORT.OB.AGUA CTE.	0	0	1	0				S			S			
0  	8035	AC. PLAN AGUA CORRIENTE FORT. 	0	0	1	0				S			S			
0I 	8035	INT. AC. PLAN AGUA CORR. FORT.	0	0	1	0				S			S			
0  	8040	ACUERDO PLAN FORT.OB.PAV.S.MAR	0	0	1	0				S			S			
0 A	8040	ACUERDO PLAN FOR.OB.PAV.S.MART	0	0	1	0				S			S			
0 C	8040	ACUERDO PLAN FOR.OB.PAV.S.MART	0	0	1	0				S			S			
0I 	8040	ACUERDO PLAN FOR.OB.PAV.S.MART	0	0	1	0				S			S			
0  	8050	ACUERDO PLAN FOR.OB.PAV.CALDER	0	0	1	0				S			S			
0 A	8050	ACUERDO PLAN FOR.OB.PAV.CALDER	0	0	1	0				S			S			
0 C	8050	ACUERDO PLAN FOR.OB.PAV.CALDER	0	0	1	0				S			S			
0I 	8050	ACUERDO PLAN FOR.OB.PAV.CALDER	0	0	1	0				S			S			
0  	8060	ACUERDO GAS VALROM X ORD.     	0	0	1	0				S			S			
0 A	8060	ACUERDO GAS VALROM X ORD.     	0	0	1	0				S			S			
0 C	8060	ACUERDO GAS VALROM X ORD.     	0	0	1	0				S			S			
0I 	8060	ACUERDO GAS VALROM X ORD.     	0	0	1	0				S			S			
0  	8070	ACUERDO GAS VALROM CERT.DEUDA 	0	0	1	0				S			S			
0 A	8070	ACUERDO GAS VALROM X CERT.DEUD	0	0	1	0				S			S			
0 C	8070	ACUERDO GAS VALROM X CERT.DEUD	0	0	1	0				S			S			
0I 	8070	ACUERDO GAS VALROM X CERT.DEUD	0	0	1	0				S			S			
0  	8075	ACUERDO GAS VALROM P.ESPECIAL 	0	0	1	0				S			S			
0 A	8075	ACUERDO GAS VALROM P.ESPECIAL 	0	0	1	0				S			S			
0 C	8075	ACUERDO GAS VALROM P.ESPECIAL 	0	0	1	0				S			S			
0I 	8075	ACUERDO GAS VALROM P.ESPECIAL 	0	0	1	0				S			S			
0  	8080	ACUERDO GAS VIDELPO X ORD.    	0	0	1	0				S			S			
0 A	8080	ACUERDO GAS VIDELPO X ORD.    	0	0	1	0				S			S			
0 C	8080	ACUERDO GAS VIDELPO X ORD.    	0	0	1	0				S			S			
0I 	8080	ACUERDO GAS VIDELPO X ORD.    	0	0	1	0				S			S			
0  	8085	ACUERDO GAS VIDELPO P.ESPECIAL	0	0	1	0				S			S			
0 A	8085	ACUERDO GAS VIDELPO P.ESPECIAL	0	0	1	0				S			S			
0 C	8085	ACUERDO GAS VIDELPO P.ESPECIAL	0	0	1	0				S			S			
0I 	8085	ACUERDO GAS VIDELPO P.ESPECIAL	0	0	1	0				S			S			
0  	8090	ACUERDO GAS VIDELPO X CERT.DEU	0	0	1	0				S			S			
0 A	8090	ACUERDO GAS VIDELPO CERT.DEUDA	0	0	1	0				S			S			
0 C	8090	ACUERDO GAS VIDELPO CERT.DEUDA	0	0	1	0				S			S			
0I 	8090	ACUERDO GAS VIDELPO CERT.DEUDA	0	0	1	0				S			S			
0  	8095	ACUERDO MAT.OB.INFRAESTRUCTURA	0	0	1	0				S			S			
0 A	8095	ACUERDO MAT.OB.INFRAESTRUCTURA	0	0	1	0				S			S			
0 C	8095	ACUERDO MAT.OB.INFRAESTRUCTURA	0	0	1	0				S			S			
0I 	8095	ACUERDO MAT.OB.INFRAESTRUCTURA	0	0	1	0				S			S			
0  	8100	ACUERDO FINANC.OB.AV.PERON 1.E	0	0	1	0				S			S			
0 A	8100	ACUERDO FINANC.OB.AV.PERON 1.E	0	0	1	0				S			S			
0 C	8100	ACUERDO FINANC.OB.AV.PERON 1.E	0	0	1	0				S			S			
0I 	8100	ACUERDO FINANC.OB.AV.PERON 1.E	0	0	1	0				S			S			
0  	8105	ACUERDO FDO. MUN. P/PAVIMENTO 	0	0	1	0				S			S			
0 A	8105	ACUERDO FDO. MUN. P/PAVIMENTO 	0	0	1	0				S			S			
0 C	8105	ACUERDO FD. MUN. P/PAVIMENTO  	0	0	1	0				S			S			
0I 	8105	INT. ACUERDO FDO. MUN. P/PAV. 	0	0	1	0				S			S			
0  	8107	AC. REINT. PAVIMENTO ORD./4534	0	0	1	0				S			S			
0I 	8107	INT. REINT. PAVIMENT.ORD./4534	0	0	1	0				S			S			
0  	8108	AC.REINT.OBRAS PAV. 4534 (C/R)	0	0	1	0				S			S			
0I 	8108	INT.AC.O.PAVIM. 4534 (C/REC.) 	0	0	1	0				S			S			
0  	9000	PRES.ESPONT.ORD.3086/95 (ALUM)	0	0	1	0				S			S			
0C 	9000	P.ES.ORD.3086/95(CUOTA ALUMB.)	0	0	1	0				S			S			
0E 	9000	P.ESP.ORD.3086/95(ESCUELA AL.)	0	0	1	0				S			S			
0  	9005	PRES.ESPONT.ORD.3086/5(MEDIDO)	0	0	1	0				S			S			
0C 	9005	P.ESPONT.ORD.3086/95(CTA.MED.)	0	0	1	0				S			S			
0P 	9005	PRES.ESP.ORD.3086/95-PTA.DEP.M	0	0	1	0				S			S			
0  	9010	PRES.ESPON.ORD.3086/95(NO MED.	0	0	1	0				S			S			
0C 	9010	P.ESP.ORD.3086/95(CTA.NO MED.)	0	0	1	0				S			S			
0P 	9010	P.E.ORD.3086/95(PTA.DEP.NO MED	0	0	1	0				S			S			
0  	9015	PRES.ESP.ORD.3086/95(RED VIAL)	0	0	1	0				S			S			
0C 	9015	P.E.ORD.3086/95(CUOTA RED.VIAL	0	0	1	0				S			S			
0E 	9015	P.E.ORD.3086/95(ESC.RED.VIAL) 	0	0	1	0				S			S			
0  	9020	P.ESPONT.ORD.3086/95(OB.CLOAC.	0	0	1	0				S			S			
0C 	9020	P.E.ORD.3086/95(CTA.OB.CLOAC.)	0	0	1	0				S			S			
0  	9025	P.ESPONT.ORD.3086/95(PAV.VIAM.	0	0	1	0				S			S			
0C 	9025	P.E.ORD.3086/95(CTA.PAV.VIAM.)	0	0	1	0				S			S			
0  	9030	P.ESP.ORD.3086/95(PAV.26.CDRA)	0	0	1	0				S			S			
0C 	9030	P.E.ORD.3086/95(CTA.PAV.26.C.)	0	0	1	0				S			S			
0  	9035	P.ESP.ORD.3086/95 (AGUA CTE.) 	0	0	1	0				S			S			
0C 	9035	P.E.ORD.3086/95(CTA.AGUA.CTE.)	0	0	1	0				S			S			
0  	9040	P.E.ORD.3086/95(PAV.SAN MART.)	0	0	1	0				S			S			
0C 	9040	P.E.ORD.3086/95(CTA.P.S.MARTIN	0	0	1	0				S			S			
0  	9045	P.E.ORD.3086/95(O.PAV.CALDERA)	0	0	1	0				S			S			
0C 	9045	P.E.ORD.3086/95(CTA.PAV.CALD.)	0	0	1	0				S			S			
0  	9050	ORD.3086/95(VALROM ORD.Y C.DE)	0	0	1	0				S			S			
0C 	9050	P.E.ORD.3086/95(CTA.VALROMXORD	0	0	1	0				S			S			
0  	9055	P.E.ORD.3086/95(VIDELPO ORD.C)	0	0	1	0				S			S			
0C 	9055	P.E.ORD.3086/95(CTA.VIDELPO O)	0	0	1	0				S			S			
0  	9060	P.E.ORD.3086/95(VALR.Y VID.P.)	0	0	1	0				S			S			
0C 	9060	P.E.ORD.3086/95(CTA.V.Y VID.ES	0	0	1	0				S			S			
0  	9065	P.E.ORD.3086/95(GAS ESP.O.INF.	0	0	1	0				S			S			
0C 	9065	P.E.ORD.3086/95(CTA.GAS.ESP.O.	0	0	1	0				S			S			
0  	9070	P.ESP.ORD.3086/95(CONEX.AGUA) 	0	0	1	0				S			S			
0C 	9070	P.E.ORD.3086/95(CTA.CON.AGUA) 	0	0	1	0				S			S			
0  	9075	P.E.ORD.3086/95(CONEX.CLOAC.) 	0	0	1	0				S			S			
0C 	9075	P.E.ORD.3086/95(CTA.CON.CLOAC.	0	0	1	0				S			S			
0  	9080	P.E.ORD.3086/95(DER.CONSTRUC.)	0	0	1	0				S			S			
0C 	9080	P.E.ORD.3086/95(D.CONSTRUCC.) 	0	0	1	0				S			S			
0  	9085	P.E.ORD.3086/95(D.DE OFICINA) 	0	0	1	0				S			S			
0C 	9085	P.E.ORD.3086/95(DER.DE OFICINA	0	0	1	0				S			S			
0  	9090	P.E.ORD.3086/95(RECARG.VARIOS)	0	0	1	0				S			S			
0C 	9090	P.E.ORD.3086/95(CTA.REC.VARIOS	0	0	1	0				S			S			
0  	9100	P.ESP.ORD.3086/95(SEG.E HIG.) 	0	0	1	0				S			S			
0C 	9100	P.E.ORD.3086/95(CTA.SEG.E HIG.	0	0	1	0				S			S			
0E 	9100	P.E.ORD.3086/95(ESC.SEG.E HIG.	0	0	1	0				S			S			
0  	9105	P.E.ORD.3086/95(HAB.COM.E IND)	0	0	1	0				S			S			
0C 	9105	P.E.ORD.3086/95(CTA.HAB.C.E I.	0	0	1	0				S			S			
0  	9110	P.E.ORD.3086/95(INSP.TECNICA) 	0	0	1	0				S			S			
0C 	9110	P.E.ORD.3086/95(CTA.INSP.TEC.)	0	0	1	0				S			S			
0  	9115	P.E.ORD.3086/95(OCUP.USO E.PCO	0	0	1	0				S			S			
0C 	9115	P.E.ORD.3086/95(CTA.OC.ESP.PCO	0	0	1	0				S			S			
0  	9120	P.E.ORD.3086/95(DER.EXP.CANT.)	0	0	1	0				S			S			
0C 	9120	P.E.ORD.3086/95(CTA.D.EXP.CANT	0	0	1	0				S			S			
0  	9125	P.E.ORD.3086/95(PUB.Y PROPAG.)	0	0	1	0				S			S			
0C 	9125	P.E.ORD.3086/95(CTA.PUB.Y PR.)	0	0	1	0				S			S			
0  	9130	P.ESPONT.ORD.3086/95(ESPEC.PCO	0	0	1	0				S			S			
0C 	9130	P.E.O.3086/95(CTA.ESPECT.PCO.)	0	0	1	0				S			S			
0  	9140	P.E.ORD./3086/95 MTA.X CONTRAV	0	0	1	0				S			S			
0C 	9140	P.E.ORD.3086/95 M.XCONTRAV(CTA	0	0	1	0				S			S			
0  	9280	P.E. ORD.3086/95(E.S.E.B.A.)  	0	0	1	0				S			S			
0C 	9280	P.E.ORD.3086/95(E.S.E.B.A.CTA.	0	0	1	0				S			S			
0  	9550	P.E.ORD.3086/95(MERC.FRUTOS)  	0	0	1	0				S			S			
0C 	9550	PE.ORD.3086/95(MERC.FRUTOS CTA	0	0	1	0				S			S			
0  	9650	PRESENT.ESPONTANEA ORD.3086/95	0	0	1	0				S			S			
0C 	9650	PRES.ESP.ORD.3086/95(PATENTES)	0	0	1	0				S			S			
0  	9750	ACUERDO OBRA INFRAESTRUCT.(AF)	0	0	1	0				S			S			
0A 	9750	FINANC.OBRA INFRAEST.(ANT)    	0	0	1	0				S			S			
0C 	9750	ACUERDO PAV.132 CUADRAS (AFEC)	0	0	1	0				S			S			
0I 	9750	INTERESES OBRAS INFRAEST.(AF.)	0	0	1	0				S			S			
0  	9900	ACUERDO INFRAC.OB.FISCALES    	0	0	1	0				S			S			
0 A	9900	ACDO.INFRAC.OB.FISC.ANTERIOR  	0	0	1	0				S			S			
0 C	9900	ACDO.INF.OBLIG.FISC.CTA.ACTUAL	0	0	1	0				S			S			
0I 	9900	INTERESES INFRACCCION OB.FISC.	0	0	1	0				S			S			
0  	9997	ACUERDO D.OFICINA S.ANTIRREGL.	0	0	1	0				S			S			
0 C	9997	ACUERDO D.OFICINA S.ANTIRREGL.	0	0	1	0				S			S			
0I 	9997	ACUERDO D.OFICINA S.ANTIRREGL.	0	0	1	0				S			S			
0  	9998	DERECHOS DE OFICINA           	0	0	1	0				S			S			
0D 	9998	DERECHO DE OFICINA-BONIFIC.   	0	0	1	0				S			S			
1  	9998	DERECHO OFIC.SELLADO ANTIRREG.	0	0	1	0				S			S			
2  	9998	DER.DE OFICINA -GTO.ADM.PROV. 	0	0	1	0				S			S			
3  	9998	DERECHO DE OFICINA            	0	0	1	0				S			S			
4  	9998	DERECHOS DE OFICINA - LIBRO DE ASCENSOR	0	0	1	0				S			S			
5  	9998	DERECHO DE OFICINA            	0	0	1	0				S			S			
6  	9998	DER.DE OFICINA - ANTECEDENTES 	0	0	1	0				S			S			
10  	9998	ORD.4821 DER.OFI.CERT.APT.AMB.	0	0	1	0				S			S			
0  	9999	RECARGOS VARIOS               	0	0	1	0				S			S			
1  	9999	IMPUESTO VALOR AGREGADO       	0	0	1	0				S			S			
1A 	9999	IMPUESTO VALOR AGREGADO       	0	0	1	0				S			S			
1C 	9999	IMPUESTO VALOR AGREGADO       	0	0	1	0				S			S			
6  	9999	DER.OFICINA - SOL.ANTECEDENTES	0	0	1	0				S			S			
90ND	9999	INTERESES POR MORA            	0	0	1	0				S			S			
98  	9999	AJUSTE POR REDONDEO           	0	0	1	0				S			S			
99  	9999	INFRACCION OBLIG. Y DEB. FISC.	0	0	1	0				S			S			
0 	9	RETENCIONES TISH	0	0	1	0				S			S			
11	9998	DERECHO DE OFICINA - NUMERACION DOMICILIARIA	0	0	1	0				S			S			
12	9998	DERECHO DE OFICINA - FICHA SANITARIA	0	0	1	0				S			S			
13	9998	DERECHOS DE OFICINA - PEDIDO DE FOTOCOPIA	0	0	1	0				S			S			
14	9998	DERECHO DE OFICINA - HABILITACION DE VEHICULOS	0	0	1	0				S			S			
15	9998	DERECHO DE OFICINA - CERTIFICADO DE LEGALIDAD	0	0	1	0				S			S			
16	9998	DERECHO DE OFICINA - LIBRE DEUDA	0	0	1	0				S			S			
17	9998	DERECHO DE OFICINA - PLIEGOS	0	0	1	0				S			S			
18	9998	DERECHO DE OFICINA - OFICIO INMUEBLE	0	0	1	0				S			S			
19	9998	DERECHO DE OFICINA - CORTE DE CALLES	0	0	1	0				S			S			
20	9998	DERECHO DE OFICINA - SELLADO CARPETA DE PLANOS	0	0	1	0				S			S			
21	9998	DERECHO DE OFICINA - SELLADO DE PREFACTIBILIDAD	0	0	1	0				S			S			
22	9998	DERECHO DE OFICINA - CERTIFICADO URBANÍSTICO (ZONIFICACIÓN)	0	0	1	0				S			S			
23	9998	DERECHO DE OFICINA - AUTORIZACIÓN PREVIA	0	0	1	0				S			S			
24	9998	DERECHO DE OFICINA - INTRODUCTOR DE PRODUCTOS ALIMENTICIOS	0	0	1	0				S			S			
25	9998	DERECHO DE OFICINA - SOLICITUD DOCUMENTACION CATASTRAL	0	0	1	0				S			S			
26	9998	DERECHO DE OFICINA - MULTAS TRANSITO	0	0	1	0				S			S			
1	100	SERV.ESPECIALES LIMP.E HIGIENE	0	0	1	0				S			S			
27	9998	DERECHO DE OFICINA - HABILITACION COMERCIOS	0	0	1	0				S			S			
16	10	INSTALAC. MONOFASICAS	0	0	1	0				S			S			
28	9998	DERECHO DE OFICINA - BAJA PATENTE AUTOMOTORES	0	0	1	0				S			S			
29	9998	DERECHO DE OFICINA - BAJA PATENTE MOTOVEHICULO	0	0	1	0				S			S			
5	130	DERECHOS DE CONSTRUCCION PERSONA FISICA	0	0	1	0				S			S			
1CR	1	PAGO ANTERIOR y/o CREDITO A FAVOR	0	0	1	0				S			S			
2	100	SERV.ESPECIALES LIMP.E HIGIENE	0	0	1	0				S			S			
30	9998	DERECHO DE OFICINA - CERTIFICADO APTITUD AMBIENTAL	0	0	1	0				S			S			
2	110	DERECHOS DE VENTA AMBULANTE	0	0	1	0				S			S			
1	150	DERECHOS DE CEMENTERIO SANTA FLORENTINA	0	0	1	0				S			S			
0RT	9	RETENCIONES TISH	0	0	1	0				S			S			
31	9998	DERECHO DE OFICINA - OFICIO	0	0	1	0				S			S			
1	3747	INSPECCIONES REITERADAS	0	0	1	0				S			S			
21	5	HABILITACION-ACTIVO FIJO 2%	0	0	1	0				S			S			
22	5	SOC.COMERC.HABIL./C.DOM. Z. B	0	0	1	0				S			S			
23	5	SUPERFICIE ENTRE 50M2 Y 99M2	0	0	1	0				S			S			
24	5	P.FIS./SOC.CIV.HAB./C.DOM.Z. C	0	0	1	0				S			S			
25	5	SUPERFICIE ENTRE 25M2 Y 49M2  	0	0	1	0				S			S			
26	5	SUPERFICIE ENTRE 100M2 Y 199M2	0	0	1	0				S			S			
27	5	SUPERFICIE DE MAS DE 200M2	0	0	1	0				S			S			
32	9998	DERECHO DE OFICINA - POR SERVICIOS ACOMPAÑAMIENTO INSP. TRANSITO A VEHICULOS DE GRAN PORTE	0	0	1	0				S			S			
33	9998	DERECHO DE OFICINA - HAB. VEHÍCULOS TRANSPORTE SUSTANCIAS ALIMENTICIAS	0	0	1	0				S			S			
1	3	MONOTASA SOCIAL	0	0	1	0				S			S			
34	9998	DERECHO DE OFICINA - SOLICITUD DE BAILES Y FESTIVALES	0	0	1	0				S			S			
8	15	FOOD TRUCK - ART.3 - ORD. 7640	0	0	1	0				S			S			
2	230	MULTAS POR CONTRAVENCION	0	0	1	0				S			S			
3	230	TASA POR ACTUACION ADMINISTR.	0	0	1	0				S			S			
35	9998	DERECHO DE OFICINA - CESE COMERCIO	0	0	1	0				S			S			
36	9998	DERECHO DE OFICINA - CESE COMERCIO	0	0	1	0				S			S			
90	2501	BARRIDO Y LIMPIEZA (Pago Anual)	0	0	1	0				S			S			
91	2501	BARRIDO Y LIMPIEZA (Pago 1er SEMESTRE)	0	0	1	0				S			S			
92	2501	BARRIDO Y LIMPIEZA (Pago 2do SEMESTRE)	0	0	1	0				S			S			
90	2515	RED VIAL (Pago Anual)	0	0	1	0				S			S			
91	2515	RED VIAL (Pago 1er SEMESTRE)	0	0	1	0				S			S			
92	2515	RED VIAL (Pago 2do SEMESTRE)	0	0	1	0				S			S			
1BC	2501	DESCUENTO BUEN CONTRIBUYENTE	0	0	1	0				S			S			
1BC	2515	DESCUENTO BUEN CONTRIBUYENTE	0	0	1	0				S			S			
28	5	P.FIS./SOC.CIV.HAB./C.DOM.Z. A	0	0	1	0				S			S			
1	5210	ACUERDO MULTAS POR CONTRAVENC.	0	0	1	0				S			S			
37	9998	DERECHO DE OFICINA - EXENTO PAGO PATENTE	0	0	1	0				S			S			
29	5	SOC.COMERC.HABIL./C.DOM. Z. C 	0	0	1	0				S			S			
38	9998	DERECHO DE OFICINA - FORM 13D AUTOMOTOR LIBRE DEUDA/CAMBIO RAD.	0	0	1	0				S			S			
39	9998	DERECHO DE OFICINA - FORM 13D MOTO LIBRE DEUDA/CAMBIO RAD.	0	0	1	0				S			S			
99	2501	BDO.Y LIMP.Y C.V.P.SERV.GRALES ESPECIALES	0	0	1	0				S			S			
40	9998	DERECHO DE OFICINA - FORM 13D AUTOMOTOR LIBRE DEUDA/CAMBIO RAD.	0	0	1	0				S			S			
1  	331	HONORARIOS ART.45 D.R.1566/09  (AU)	0	0	1	0				S			S			
3  	331	TASA JUSTICIA D.R.1566/2009    (AU)	0	0	1	0				S			S			
4  	331	SOBRETAS.JUST.10% D.R.1566/09  (AU)	0	0	1	0				S			S			
5  	331	APORTE 10%DE HONOR.D.R.1566/09 (AU)	0	0	1	0				S			S			
6  	331	CARGO ADMINISTR. D.R.1566/09   (AU)	0	0	1	0				S			S			
8  	331	BONO LEY (MANDAT.MUNICIPAL) (AU)	0	0	1	0				S			S			
8  	332	BONO LEY (MANDAT.MUNICIPAL) (MO)	0	0	1	0				S			S			
6  	332	CARGO ADMINISTR. D.R.1566/09   (MO)	0	0	1	0				S			S			
5  	332	APORTE 10%DE HONOR.D.R.1566/09 (MO)	0	0	1	0				S			S			
4  	332	SOBRETAS.JUST.10% D.R.1566/09  (MO)	0	0	1	0				S			S			
3  	332	TASA JUSTICIA D.R.1566/2009    (MO)	0	0	1	0				S			S			
1  	332	HONORARIOS ART.45 D.R.1566/09  (MO)	0	0	1	0				S			S			
1  	333	HONORARIOS ART.45 D.R.1566/09  (CE)	0	0	1	0				S			S			
3  	333	TASA JUSTICIA D.R.1566/2009    (CE)	0	0	1	0				S			S			
4  	333	SOBRETAS.JUST.10% D.R.1566/09  (CE)	0	0	1	0				S			S			
5  	333	APORTE 10%DE HONOR.D.R.1566/09 (CE)	0	0	1	0				S			S			
6  	333	CARGO ADMINISTR. D.R.1566/09   (CE)	0	0	1	0				S			S			
8  	333	BONO LEY (MANDAT.MUNICIPAL) (CE)	0	0	1	0				S			S			
8  	334	BONO LEY (MANDAT.MUNICIPAL) (BL)	0	0	1	0				S			S			
6  	334	CARGO ADMINISTR. D.R.1566/09   (BL)	0	0	1	0				S			S			
5  	334	APORTE 10%DE HONOR.D.R.1566/09 (BL)	0	0	1	0				S			S			
4  	334	SOBRETAS.JUST.10% D.R.1566/09  (BL)	0	0	1	0				S			S			
3  	334	TASA JUSTICIA D.R.1566/2009    (BL)	0	0	1	0				S			S			
1  	334	HONORARIOS ART.45 D.R.1566/09  (BL)	0	0	1	0				S			S			
1  	335	HONORARIOS ART.45 D.R.1566/09  (CO)	0	0	1	0				S			S			
3  	335	TASA JUSTICIA D.R.1566/2009    (CO)	0	0	1	0				S			S			
4  	335	SOBRETAS.JUST.10% D.R.1566/09  (CO)	0	0	1	0				S			S			
5  	335	APORTE 10%DE HONOR.D.R.1566/09 (CO)	0	0	1	0				S			S			
6  	335	CARGO ADMINISTR. D.R.1566/09   (CO)	0	0	1	0				S			S			
8  	335	BONO LEY (MANDAT.MUNICIPAL) (CO)	0	0	1	0				S			S			
96  	9999	CONDONACION POR MORATORIA	0	0	1	0				S			S			
97  	9999	INTERESES POR PAGO EN CUOTAS	0	0	1	0				S			S			
0  	131	DERECHOS DE CONSTRUCCION - Multifamiliar	0	0	1	0				S			S			
5	131	DERECHOS DE CONSTRUCCION - Multifamiliar	0	0	1	0				S			S			
0  	132	DERECHOS DE CONSTRUCCION - UniFamiliar	0	0	1	0				S			S			
5	132	DERECHOS DE CONSTRUCCION - UniFamiliar	0	0	1	0				S			S			
5	231	MULTAS LEY 11430 (D.DE OFIC.) (CO)	0	0	1	0				S			S			
5	230	DERECHOS DE CONSTRUCCION OBRA MENOR (BL)	0	0	1	0				S			S			
6	230	DERECHOS DE CONSTRUCCION OBRA MENOR (CE)	0	0	1	0				S			S			
30	5	DE MAS DE 5ha a 10ha	0	0	1	0				S			S			
31	5	DE MAS DE 10ha a 20ha	0	0	1	0				S			S			
32	5	DE MAS DE 20ha a 50ha	0	0	1	0				S			S			
33	5	DE MAS DE 50ha a 100ha	0	0	1	0				S			S			
34	5	DE MAS DE 100ha	0	0	1	0				S			S			
41	9998	DERECHO DE OFICINA - SELLADO DE PREFACTIBILIDAD	0	0	1	0				S			S			
42	9998	DERECHOS DE OFICINA - LIBRO DE ASCENSOR	0	0	1	0				S			S			
0PV	213	LEY 11430 - RUTAS Y CAMINOS (DESCCUENTO PAGO VOLUNTARIO)	0	0	1	0				S			S			
5	232	MULTA DEBERES FORMALES	0	0	1	0				S			S			
5	233	MULTA POR OMISIÓN	0	0	1	0				S			S			
5	234	MULTA POR DEFRAUDACIÓN	0	0	1	0				S			S			
43	9998	DERECHO DE OFICINA - SERVICIO AGENTE DE TRANSITO	0	0	1	0				S			S			
9	15	ESPACIO AEREO Y/O DEL SUBSUELO	0	0	1	0				S			S			
44	9998	DERECHOS DE OFICINA - LIBRO DE ASCENSOR (BL)	0	0	1	0				S			S			
0 	335	HONORARIOS Y COSTAS JUDICIALES (CO)	0	0	1	0				S			S			
0	370	INSP. DE INSTALACIONES TÉCNICAS MECÁNICAS Y/O ELECTROMECÁNICAS	0	0	1	0				S			S			
45	9998	DERECHOS DE OFICINA - ESTADÍA	0	0	1	0				S			S			
46	9998	DERECHOS DE OFICINA - ACARRÉO	0	0	1	0				S			S			
1E	3	MONOTASA SOCIAL (EXIMICION)  	0	0	1	0				S			S			
35	5	P.FIS./SOC.CIV.HAB./C.DOM.Z. B	0	0	1	0				S			S			
17	10	INSTALAC. TRIFASICAS          	0	0	1	0				S			S			
18	10	POR CADA H.P.                 	0	0	1	0				S			S			
47	9998	DERECHOS DE OFICINA - HABILITACIÓN WEB	0	0	1	0				S			S			
1BC	1	BONIFICACION BUEN CONTRIBUYENTE	0	0	1	0				S			S			
48	9998	DERECHOS DE OFICINA - CONSTANCIA/CERTIFICACIÓN 	0	0	1	0				S			S			
1BO	1	BONIFICACION BUEN CONTRIBUYENTE	0	0	1	0				S			S			
2	1	TISH PAGO A CUENTA	0	0	1	0				S			S			
7	230	MULTAS POR CONTRAVENCION      	0	0	1	0				S			S			
7	9998	Servicios Administrativos Apremios y Gestión de Mora Definitiva	0	0	1	0				S			S			
0	70	COMERCIALIZACION DE ENVASES NO RETORNABLES Y AFINES	0	0	1	0				S			S			
0	71	SERVICIOS DE GESTION DE RESIDUOS A GRANDES GENERADORES	0	0	1	0				S			S			
0	72	SERVICIOS DE GESTION DE RESIDUOS DE OBRA, ARIDOS y AFINES	0	0	1	0				S			S			
49	9998	DERECHOS DE OFICINA - DESARCHIVO DE PLANOS	0	0	1	0				S			S			
61	9998	DERECHOS DE OFICINA - DESARCHIVO DE PLANOS	0	0	1	0				S			S			
50	9998	Análisis y Evaluación de Estudio de Impacto Ambiental	0	0	1	0				S			S			
51	9998	DERECHOS DE OFICINA - DESINFECCION (CO)	0	0	1	0				S			S			
52	9998	Final de Obra	0	0	1	0				S			S			
53	9998	Inspecciones e Instalaciones Eléctricas	0	0	1	0				S			S			
54	9998	DERECHOS DE OFICINA - USO INSTALACIONES MUNICIPALES	0	0	1	0				S			S			
2	150	DERECHOS DE CEMENTERIO - INHUMACIÓN	0	0	1	0				S			S			
55	9998	DERECHOS DE OFICINA - RADICACIÓN INDUSTRIAS Y DEPÓSITOS	0	0	1	0				S			S			
56	9998	Análisis y Evaluación de Estudio de Impacto Ambiental	0	0	1	0				S			S			
4	130	DERECHOS DE CONSTRUCCION  - OBRA MENOR	0	0	1	0				S			S			
57	9998	DERECHOS POR ESTUDIO y CLASIF. de radicaciones ind. y dep	0	0	1	0				S			S			
5D	9998	DERECHO DE OFICINA BONIFICACION	0	0	1	0				S			S			
0	261	FONDO MUNICIPAL DE LA VIVIENDA (Ord. 3406/97)	0	0	1	0				S			S			
3	1	ANTICIPO TISH	0	0	1	0				S			S			
4	1	CONTRIBUTIVAS TISH	0	0	1	0				S			S			
1TD	2501	DTO 2022-385-E-MUNICAM-INT	0	0	1	0				S			S			
1DT	2501	DTO 2022-539-E-MUNICAM-INT	0	0	1	0				S			S			
0	99	INGRESOS VARIOS	0	0	1	0				S			S			
5	1	TISH DIFERENCIA POR FISCA.	0	0	1	0				S			S			
60	9998	DERECHO DE OFICINA - LIBRE DEUDA MOTOVEHICULO	0	0	1	0				S			S			
59	9998	DERECHO DE OFICINA - BAJA  MOTOVEHICULO	0	0	1	0				S			S			
58	9998	Código de Edificación	0	0	1	0				S			S			
1AI	2501	TASA POR ACCESIBILIDAD INCLUSIVA	0	0	1	0				S			S			
1	500	Tasa por Servicios Asistenciales	0	0	1	0				S			S			
1DM	2501	DTO 2023-104-E-MUNICAM-INT	0	0	1	0				S			S			
36	5	SUPERFICIE ENTRE 5000M2 y 5ha	0	0	1	0				S			S			
1BE	2501	DESCUENTO ADHESION A BOLETA ELECTRÓNICA	0	0	1	0				S			S			
1BE	2515	DESCUENTO ADHESION A BOLETA ELECTRÓNICA	0	0	1	0				S			S			
1BE	1500	DESCUENTO ADHESION A BOLETA ELECTRÓNICA	0	0	1	0				S			S			
1BE	1001	DESCUENTO ADHESION A BOLETA ELECTRÓNICA	0	0	1	0				S			S			
2	660	FDO.MUN.P/VIVIENDA ORD (PJ) .3406/97	0	0	1	0				S			S			
6	130	DERECHOS DE CONSTRUCCION - ELECTROMECANICA	0	0	1	0				S			S			
2	2501	A CTA. SERVICIOS GENERALES	0	0	1	0				S			S			
9	335	 BONO LEY (MANDAT.MUNICIPAL)	0	0	1	0				S			S			
2	331	HONORARIOS ART.45 D.R.1566/09 (PF)	0	0	1	0				S			S			
40	335	TASA JUSTICIA D.R.1566/2009 (PF)	0	0	1	0				S			S			
50	335	SOBRETAS.JUST.10% D.R.1566/09 (PF)	0	0	1	0				S			S			
60	335	APORTE 10%DE HONOR.D.R.1566/09 (PF)	0	0	1	0				S			S			
8	9998	DER.DE OFICINA - REGISTRO DE CONDUCIR	0	0	1	0				S			S			
62	9998	DERECHOS DE OFICINA - OFICIO JUDICIAL (PF/PJ)	0	0	1	0				S			S			
63	9998	DERECHOS DE OFICINA - OFICIO JUDICIAL(CO)	0	0	1	0				S			S			
64	9998	DERECHOS DE OFICINA - OFICIO JUDICIAL (INMUEBLE)	0	0	1	0				S			S			
6	150	DERECHOS DE CEMENTERIO - CONCESIÓN	0	0	1	0				S			S			
3	150	DERECHOS DE CEMENTERIO - TRASLADO	0	0	1	0				S			S			
4	150	DERECHO DE CEMENTERIO - TRASLADO	0	0	1	0				S			S			
7	150	DERECHOS DE CEMENTERIO - INHUMACIÓN	0	0	1	0				S			S			
8	150	DERECHOS DE CEMENTERIO - INHUMACIÓN	0	0	1	0				S			S			
5	150	DERECHO DE CEMENTERIO - DESMONTE	0	0	1	0				S			S			
65	9998	DERECHOS DE OFICINA - SOLICITUD DE VOLQUETES	0	0	1	0				S			S			
8OCUP.ESB.	15	OCUP.ESP.PUBLICO-ART.21-INC.K	0	0	1	0				S			S			
3	100	FOOD TRUCK - ART.3-B	0	0	1	0				S			S			
2	25	PUBLICIDAD Y PROPAGANDA (FOLLETOS)	0	0	1	0				S			S			
1	410	INTERESES CONFORME SENTENCIA JUDICIAL	0	0	1	0				S			S			
2	410	INTERESES CONFORME SENTENCIA JUDICIAL	0	0	1	0				S			S			
66	9888	DERECHO DE OFICINA - HAB. VEHÍCULOS CARGAS GENERALES	0	0	1	0				S			S			
67	9998	DERECHO DE OFICINA - TEATRO PEDRO BARBERO - A LA GORRA	0	0	1	0				S			S			
68	9998	DERECHO DE OFICINA - TEATRO PEDRO BARBERO - FUNCION PRIVADA	0	0	1	0				S			S			
1BO	2501	BONIFICACIÓN SOBRE CUOTAS 11/2024 Y 12/2024	0	0	1	0				S			S			
1B2	2501	BONIFICACION DECRETO 1189-24	0	0	1	0				S			S			
1B3	2501	BONIFICACIÓN SOBRE CUOTAS 3/2025 Y 4/2025	0	0	1	0				S			S			
1B4	2501	BONIFICACIÓN SOBRE CUOTAS 5/2025 Y 6/2025	0	0	1	0				S			S			
1B5	2501	BONIFICACIÓN SOBRE CUOTAS 7/2025 Y 8/2025	0	0	1	0				S			S			
1B6	2501	BONIFICACIÓN SOBRE CUOTAS 9/2025 Y 10/2025	0	0	1	0				S			S			
1D2	2501	DCTO-2025-239-E-MUNICAM-INT	0	0	1	0				S			S			
