1	1	0  	TASA DE SEGURIDAD E HIGIENE   	0.00	0.00	1.00	0.00		NULL	NULL	1	0	0	1	0	0	0
2	1	1  	TASA DE SEGURIDAD E HIGIENE   	0.00	0.00	1.00	0.00		NULL	NULL	1	0	0	1	0	0	0
3	1	1A 	ANTIC.CTA.12/16 S.DTO.1172/16 	0.00	0.00	1.00	0.00		NULL	NULL	1	0	0	1	0	0	0
4	1	1BC	BONIFICACION BUEN CONTRIBUYENTE	0.00	0.00	1.00	0.00		NULL	NULL	1	0	0	1	0	0	0
5	1	1BO	BONIFICACION BUEN CONTRIBUYENTE	0.00	0.00	1.00	0.00		NULL	NULL	1	0	0	1	0	0	0
6	1	1C 	CUOTA DE SEGURIDAD E HIGIENE  	0.00	0.00	1.00	0.00		NULL	NULL	1	0	0	1	0	0	0
7	1	1CR	PAGO ANTERIOR y/o CREDITO A FAVOR	0.00	0.00	1.00	0.00		NULL	NULL	1	0	0	1	0	0	0
8	1	1D 	DIFER.CTA.12/16 S.DTO.1172/16 	0.00	0.00	1.00	0.00		NULL	NULL	1	0	0	1	0	0	0
9	1	1E 	APORTE ESCUELAS SEG. E HIGIENE	0.00	0.00	1.00	0.00		NULL	NULL	1	0	0	1	0	0	0
10	1	1PC	TASA POR PREVENCION CIUDADANA 	0.00	0.00	1.00	0.00		NULL	NULL	1	0	0	1	0	0	0
11	1	1R 	REAJUSTE SEGURIDAD E HIGIENE  	0.00	0.00	1.00	0.00		NULL	NULL	1	0	0	1	0	0	0
12	1	1RE	REAJUSTE DE CONTRIB. ESCUELA  	0.00	0.00	1.00	0.00		NULL	NULL	1	0	0	1	0	0	0
13	1	1RP	REAJUSTE PREVENCION CIUDADANA 	0.00	0.00	1.00	0.00		NULL	NULL	1	0	0	1	0	0	0
14	1	1RS	REAJUSTE SALUD PUBLICA        	0.00	0.00	1.00	0.00		NULL	NULL	1	0	0	1	0	0	0
15	1	1RT	LIQ.AGENTE RETENCION          	0.00	0.00	1.00	0.00		NULL	NULL	1	0	0	1	0	0	0
16	1	1SP	TASA APORTE PARA LA SALUD PCA.	0.00	0.00	1.00	0.00		NULL	NULL	1	0	0	1	0	0	0
17	1	2	TISH PAGO A CUENTA	0.00	0.00	1.00	0.00		NULL	NULL	1	0	0	1	0	0	0
18	1	3	ANTICIPO TISH	0.00	0.00	1.00	0.00		NULL	NULL	1	0	0	1	0	0	0
19	1	4	CONTRIBUTIVAS TISH	0.00	0.00	1.00	0.00		NULL	NULL	1	0	0	1	0	0	0
20	1	5	TISH DIFERENCIA POR FISCA.	0.00	0.00	1.00	0.00		NULL	NULL	1	0	0	1	0	0	0
21	2	0  	INSP.TECNICA P/HABIL.INSTALAC.	0.00	0.00	1.00	0.00		NULL	NULL	1	0	0	1	0	0	0
22	2	1  	INSTALAC. MONOFASICAS         	0.00	0.00	1.00	0.00		NULL	NULL	1	0	0	1	0	0	0
23	2	10  	OTROS ANALISIS                	0.00	0.00	1.00	0.00		NULL	NULL	1	0	0	1	0	0	0
24	2	11  	MONTACARGAS                   	0.00	0.00	1.00	0.00		NULL	NULL	1	0	0	1	0	0	0
25	2	12  	ASCENSORES - INSPECCION       	0.00	0.00	1.00	0.00		NULL	NULL	1	0	0	1	0	0	0
26	2	13  	GRUAS - INSPECCION            	0.00	0.00	1.00	0.00		NULL	NULL	1	0	0	1	0	0	0
27	2	14  	GUINCHES - INSPECCION         	0.00	0.00	1.00	0.00		NULL	NULL	1	0	0	1	0	0	0
28	2	15  	APAREJOS Y/O CINTAS TRASNP.MEC	0.00	0.00	1.00	0.00		NULL	NULL	1	0	0	1	0	0	0
29	2	16	INSTALAC. MONOFASICAS	0.00	0.00	1.00	0.00		NULL	NULL	1	0	0	1	0	0	0
30	2	17	INSTALAC. TRIFASICAS          	0.00	0.00	1.00	0.00		NULL	NULL	1	0	0	1	0	0	0
31	2	18	POR CADA H.P.                 	0.00	0.00	1.00	0.00		NULL	NULL	1	0	0	1	0	0	0
32	2	2  	INSTALAC. TRIFASICAS          	0.00	0.00	1.00	0.00		NULL	NULL	1	0	0	1	0	0	0
33	2	3  	TRANSF.INSTALAC.ELECTRICAS    	0.00	0.00	1.00	0.00		NULL	NULL	1	0	0	1	0	0	0
34	2	4  	POR CADA H.P.                 	0.00	0.00	1.00	0.00		NULL	NULL	1	0	0	1	0	0	0
35	2	5  	ANALISIS BROMATOLOGICOS       	0.00	0.00	1.00	0.00		NULL	NULL	1	0	0	1	0	0	0
36	2	6  	ANALISIS DE AGUAS             	0.00	0.00	1.00	0.00		NULL	NULL	1	0	0	1	0	0	0
37	2	7  	ANALISIS ESPECIALES           	0.00	0.00	1.00	0.00		NULL	NULL	1	0	0	1	0	0	0
38	2	8  	DETERMINACIONES FISICO/QUIMIC.	0.00	0.00	1.00	0.00		NULL	NULL	1	0	0	1	0	0	0
39	2	9  	DETERMINACIONES LIQ. CONTAMIN.	0.00	0.00	1.00	0.00		NULL	NULL	1	0	0	1	0	0	0
40	3	0  	SERV.ESPECIALES LIMP.E HIGIENE	0.00	0.00	1.00	0.00		NULL	NULL	1	0	0	1	0	0	0
41	3	1	SERV.ESPECIALES LIMP.E HIGIENE	0.00	0.00	1.00	0.00		NULL	NULL	1	0	0	1	0	0	0
42	3	2	SERV.ESPECIALES LIMP.E HIGIENE	0.00	0.00	1.00	0.00		NULL	NULL	1	0	0	1	0	0	0
43	3	3	FOOD TRUCK - ART.3-B	0.00	0.00	1.00	0.00		NULL	NULL	1	0	0	1	0	0	0
44	4	0  	PATENTE DE RODADOS MENORES    	0.00	0.00	1.00	0.00		NULL	NULL	1	0	0	1	0	0	0
45	4	1  	PATENTE DE RODADOS MENORES    	0.00	0.00	1.00	0.00		NULL	NULL	1	0	0	1	0	0	0
46	4	1BE	DESCUENTO ADHESION A BOLETA ELECTRÃ“NICA	0.00	0.00	1.00	0.00		NULL	NULL	1	0	0	1	0	0	0
47	4	1C 	PATENTE DE RODADOS MENORES    	0.00	0.00	1.00	0.00		NULL	NULL	1	0	0	1	0	0	0
48	5	0  	DERECHOS DE VENTA AMBULANTE   	0.00	0.00	1.00	0.00		NULL	NULL	1	0	0	1	0	0	0
49	5	1  	VTA.AMBULANTE,CONT.ESCUELA    	0.00	0.00	1.00	0.00		NULL	NULL	1	0	0	1	0	0	0
50	5	2	DERECHOS DE VENTA AMBULANTE	0.00	0.00	1.00	0.00		NULL	NULL	1	0	0	1	0	0	0
51	6	0  	DERECHOS DE INSPECCION VETERIN	0.00	0.00	1.00	0.00		NULL	NULL	1	0	0	1	0	0	0
52	7	0  	DERECHOS DE CONSTRUCCION      	0.00	0.00	1.00	0.00		NULL	NULL	1	0	0	1	0	0	0
53	7	1  	DERECHOS DE CONSTRUCCION CEMENTERIOS	0.00	0.00	1.00	0.00		NULL	NULL	1	0	0	1	0	0	0
54	7	2  	DEREC.INSPECCION ELECTROMECAN.	0.00	0.00	1.00	0.00		NULL	NULL	1	0	0	1	0	0	0
55	7	3  	DERECHO DE CONST.-MENSURAS    	0.00	0.00	1.00	0.00		NULL	NULL	1	0	0	1	0	0	0
56	7	4	DERECHOS DE CONSTRUCCION  - OBRA MENOR	0.00	0.00	1.00	0.00		NULL	NULL	1	0	0	1	0	0	0
57	7	444  	DER.CONSTRUCCION ORD.4505/2004	0.00	0.00	1.00	0.00		NULL	NULL	1	0	0	1	0	0	0
58	7	5	DERECHOS DE CONSTRUCCION PERSONA FISICA	0.00	0.00	1.00	0.00		NULL	NULL	1	0	0	1	0	0	0
59	7	6	DERECHOS DE CONSTRUCCION - ELECTROMECANICA	0.00	0.00	1.00	0.00		NULL	NULL	1	0	0	1	0	0	0
60	8	0  	DERECHOS DE CONSTRUCCION - Multifamiliar	0.00	0.00	1.00	0.00		NULL	NULL	1	0	0	1	0	0	0
61	8	5	DERECHOS DE CONSTRUCCION - Multifamiliar	0.00	0.00	1.00	0.00		NULL	NULL	1	0	0	1	0	0	0
62	9	0  	DERECHOS DE CONSTRUCCION - UniFamiliar	0.00	0.00	1.00	0.00		NULL	NULL	1	0	0	1	0	0	0
63	9	5	DERECHOS DE CONSTRUCCION - UniFamiliar	0.00	0.00	1.00	0.00		NULL	NULL	1	0	0	1	0	0	0
64	10	0  	DERECHOS DE MARCAS Y SEÂ¥ALES  	0.00	0.00	1.00	0.00		NULL	NULL	1	0	0	1	0	0	0
65	11	0  	OCUPACION O USO ESPACIO PUBL. 	0.00	0.00	1.00	0.00		NULL	NULL	1	0	0	1	0	0	0
66	11	1  	USO ESPACIO PUBLICO - KIOSCOS 	0.00	0.00	1.00	0.00		NULL	NULL	1	0	0	1	0	0	0
67	11	2  	USO ESPACIO PUBLICO - MESAS   	0.00	0.00	1.00	0.00		NULL	NULL	1	0	0	1	0	0	0
68	11	3  	USO ESPACIO PUBLICO - SURTIDOR	0.00	0.00	1.00	0.00		NULL	NULL	1	0	0	1	0	0	0
69	11	4  	AUTOMOVILES DE ALQUILER       	0.00	0.00	1.00	0.00		NULL	NULL	1	0	0	1	0	0	0
70	11	5  	ESPACIO AEREO Y/O DEL SUBSUELO	0.00	0.00	1.00	0.00		NULL	NULL	1	0	0	1	0	0	0
71	11	6  	OCUPACION DE CALLES           	0.00	0.00	1.00	0.00		NULL	NULL	1	0	0	1	0	0	0
72	11	7  	OCUP.ESP.PUBLICO - MOTOVEHIC. 	0.00	0.00	1.00	0.00		NULL	NULL	1	0	0	1	0	0	0
73	11	8	FOOD TRUCK - ART.3 - ORD. 7640	0.00	0.00	1.00	0.00		NULL	NULL	1	0	0	1	0	0	0
74	11	8OCUP.ESB.	OCUP.ESP.PUBLICO-ART.21-INC.K	0.00	0.00	1.00	0.00		NULL	NULL	1	0	0	1	0	0	0
75	11	9	ESPACIO AEREO Y/O DEL SUBSUELO	0.00	0.00	1.00	0.00		NULL	NULL	1	0	0	1	0	0	0
76	12	0  	DERECHOS DE CEMENTERIO - RENOVACIÃ“N       	0.00	0.00	1.00	0.00		NULL	NULL	1	0	0	1	0	0	0
77	12	1	DERECHOS DE CEMENTERIO SANTA FLORENTINA	0.00	0.00	1.00	0.00		NULL	NULL	1	0	0	1	0	0	0
78	12	2	DERECHOS DE CEMENTERIO - INHUMACIÃ“N	0.00	0.00	1.00	0.00		NULL	NULL	1	0	0	1	0	0	0
79	12	3	DERECHOS DE CEMENTERIO - TRASLADO	0.00	0.00	1.00	0.00		NULL	NULL	1	0	0	1	0	0	0
80	12	4	DERECHO DE CEMENTERIO - TRASLADO	0.00	0.00	1.00	0.00		NULL	NULL	1	0	0	1	0	0	0
81	12	5	DERECHO DE CEMENTERIO - DESMONTE	0.00	0.00	1.00	0.00		NULL	NULL	1	0	0	1	0	0	0
82	12	6	DERECHOS DE CEMENTERIO - CONCESIÃ“N	0.00	0.00	1.00	0.00		NULL	NULL	1	0	0	1	0	0	0
83	12	7	DERECHOS DE CEMENTERIO - INHUMACIÃ“N	0.00	0.00	1.00	0.00		NULL	NULL	1	0	0	1	0	0	0
84	12	8	DERECHOS DE CEMENTERIO - INHUMACIÃ“N	0.00	0.00	1.00	0.00		NULL	NULL	1	0	0	1	0	0	0
85	13	0  	IMPUESTO AUTOMOTORES          	0.00	0.00	1.00	0.00		NULL	NULL	1	0	0	1	0	0	0
86	13	1  	IMPUESTO AUTOMOTOR            	0.00	0.00	1.00	0.00		NULL	NULL	1	0	0	1	0	0	0
87	13	1BE	DESCUENTO ADHESION A BOLETA ELECTRÃ“NICA	0.00	0.00	1.00	0.00		NULL	NULL	1	0	0	1	0	0	0
88	13	1C 	CUOTA IMPUESTO AUTOMOTOR      	0.00	0.00	1.00	0.00		NULL	NULL	1	0	0	1	0	0	0
89	14	0  	DER.CEMENTERIO (MANTENIMIENTO)	0.00	0.00	1.00	0.00		NULL	NULL	1	0	0	1	0	0	0
90	14	0C 	DER.CEMENTERIO(MANTENIMIENTO) 	0.00	0.00	1.00	0.00		NULL	NULL	1	0	0	1	0	0	0
91	14	0C1	DER.CEMENTERIO (MANTENIMIENTO)	0.00	0.00	1.00	0.00		NULL	NULL	1	0	0	1	0	0	0
92	15	0  	DERECHOS A LOS ESPECT.PUBLICOS	0.00	0.00	1.00	0.00		NULL	NULL	1	0	0	1	0	0	0
93	16	0  	IMP. AUT. MORATORIA LEY 11253 	0.00	0.00	1.00	0.00		NULL	NULL	1	0	0	1	0	0	0
94	17	0  	IMP. AUT. MORATORIA LEY 11.389	0.00	0.00	1.00	0.00		NULL	NULL	1	0	0	1	0	0	0
95	18	0  	IMP.AUT. MORAT.DEC. 1523/94 PE	0.00	0.00	1.00	0.00		NULL	NULL	1	0	0	1	0	0	0
96	19	0  	IMP.AUT. MORAT.DEC. 1523/94 FP	0.00	0.00	1.00	0.00		NULL	NULL	1	0	0	1	0	0	0
97	20	0  	IMP. AUT. MORATORIA ART. 79 CF	0.00	0.00	1.00	0.00		NULL	NULL	1	0	0	1	0	0	0
98	21	0  	IMP.AUT.MORAT. LEY 11.808 IMP.	0.00	0.00	1.00	0.00		NULL	NULL	1	0	0	1	0	0	0
99	22	0  	IMP.AUT.MORAT. LEY 11.808 CAT.	0.00	0.00	1.00	0.00		NULL	NULL	1	0	0	1	0	0	0
100	23	0  	IMP.AUT. MORATORIA DEC.3943/96	0.00	0.00	1.00	0.00		NULL	NULL	1	0	0	1	0	0	0
101	24	0  	IMP.AUT.MORAT. LEY 12.049 IMP.	0.00	0.00	1.00	0.00		NULL	NULL	1	0	0	1	0	0	0
102	25	0  	IMP.AUT.MORAT. LEY 12.049 CAT.	0.00	0.00	1.00	0.00		NULL	NULL	1	0	0	1	0	0	0
103	26	0  	IMP.AUT.MORAT. LEY 12.233 IMP.	0.00	0.00	1.00	0.00		NULL	NULL	1	0	0	1	0	0	0
104	27	0  	IMP.AUT.MORAT. LEY 12.233 CAT.	0.00	0.00	1.00	0.00		NULL	NULL	1	0	0	1	0	0	0
105	28	0  	IMP.AUT. MORATORIA ART. 85 C.F	0.00	0.00	1.00	0.00		NULL	NULL	1	0	0	1	0	0	0
106	29	0  	IMP.AUT. MORATORIA ART. 86 C.F	0.00	0.00	1.00	0.00		NULL	NULL	1	0	0	1	0	0	0
107	30	0  	IMP.AUT. MORATORIA PLAN 2000  	0.00	0.00	1.00	0.00		NULL	NULL	1	0	0	1	0	0	0
108	31	0  	IMP.AUT. MORATORIA LEY 12.397 	0.00	0.00	1.00	0.00		NULL	NULL	1	0	0	1	0	0	0
109	32	0  	IMP.AUT. MORATORIA ART. 84 BIS	0.00	0.00	1.00	0.00		NULL	NULL	1	0	0	1	0	0	0
110	33	0  	IMP.AUT. MORATORIA DEC.1309/01	0.00	0.00	1.00	0.00		NULL	NULL	1	0	0	1	0	0	0
111	34	0  	IMP.AUT. MORATORIA DEC.1309/01	0.00	0.00	1.00	0.00		NULL	NULL	1	0	0	1	0	0	0
112	35	0  	IMP.AUT. MORATORIA LEY 12.727 	0.00	0.00	1.00	0.00		NULL	NULL	1	0	0	1	0	0	0
113	36	0  	IMP.AUT. MORATORIA LEY 12.837 	0.00	0.00	1.00	0.00		NULL	NULL	1	0	0	1	0	0	0
114	37	0  	IMP.AUT. MORATORIA LEY 12.914 	0.00	0.00	1.00	0.00		NULL	NULL	1	0	0	1	0	0	0
115	38	0  	IMP.AUT. MORAT. LEY 12.914 C.I	0.00	0.00	1.00	0.00		NULL	NULL	1	0	0	1	0	0	0
116	39	0  	IMP.AUT. MORATORIA LEY 13.003 	0.00	0.00	1.00	0.00		NULL	NULL	1	0	0	1	0	0	0
117	40	0  	IMP.AUT.MOR. LEY 12.914 CAP.II	0.00	0.00	1.00	0.00		NULL	NULL	1	0	0	1	0	0	0
118	41	0  	IMP.AUT.MORAT. ART.84 BIS 2002	0.00	0.00	1.00	0.00		NULL	NULL	1	0	0	1	0	0	0
119	42	0  	IMP.AUT. OTRAS MORATORIAS     	0.00	0.00	1.00	0.00		NULL	NULL	1	0	0	1	0	0	0
120	43	0  	ESCUELA MUNICIPAL DE DEPORTES 	0.00	0.00	1.00	0.00		NULL	NULL	1	0	0	1	0	0	0
121	44	0  	CONV. CONST.EDIF.ENCOTEL      	0.00	0.00	1.00	0.00		NULL	NULL	1	0	0	1	0	0	0
122	45	0  	TASA DE ALUMBRADO PÃšBLICO	0.00	0.00	1.00	0.00		NULL	NULL	1	0	0	1	0	0	0
123	46	0  	REG. COPARTICIPACION EDEN S.A.	0.00	0.00	1.00	0.00		NULL	NULL	1	0	0	1	0	0	0
124	47	0C	TASA MANT.VIAL Y SEÂ¥ALIZACION 	0.00	0.00	1.00	0.00		NULL	NULL	1	0	0	1	0	0	0
125	47	1	TASA MANTEN.VIAL Y SEÂ¥ALIZAC. 	0.00	0.00	1.00	0.00		NULL	NULL	1	0	0	1	0	0	0
126	48	0  	DER.EXPLOTACION DE CANTERAS   	0.00	0.00	1.00	0.00		NULL	NULL	1	0	0	1	0	0	0
127	48	1  	DER.EXPLOTACION DE CANTERAS   	0.00	0.00	1.00	0.00		NULL	NULL	1	0	0	1	0	0	0
128	49	0  	DERECHOS POR SERV.FUNEBRE     	0.00	0.00	1.00	0.00		NULL	NULL	1	0	0	1	0	0	0
129	50	0  	OBRA SANEAMIENTO AGUA+TRABAJO 	0.00	0.00	1.00	0.00		NULL	NULL	1	0	0	1	0	0	0
130	51	0  	D.PLUV.BO.LUBO II ETAPA(AFEC.)	0.00	0.00	1.00	0.00		NULL	NULL	1	0	0	1	0	0	0
131	52	0  	CLOACAS II ET. BO.S.J. PROARSA	0.00	0.00	1.00	0.00		NULL	NULL	1	0	0	1	0	0	0
132	53	0PV	LEY 11430 - RUTAS Y CAMINOS (DESCCUENTO PAGO VOLUNTARIO)	0.00	0.00	1.00	0.00		NULL	NULL	1	0	0	1	0	0	0
133	54	0  	PROY.MANOS A LA OBRA(AFECTADO)	0.00	0.00	1.00	0.00		NULL	NULL	1	0	0	1	0	0	0
134	55	0  	AGUA CORR.B.S.CAYET./STA.LUCIA	0.00	0.00	1.00	0.00		NULL	NULL	1	0	0	1	0	0	0
135	56	0  	FDO.EMP. PRODUCTIVOS (FOMEPRO)	0.00	0.00	1.00	0.00		NULL	NULL	1	0	0	1	0	0	0
136	57	0  	ARCHIVO HISTORICO (AFECTADO)  	0.00	0.00	1.00	0.00		NULL	NULL	1	0	0	1	0	0	0
137	58	0  	EDIFICIOS HISTORICOS(AFECTADO)	0.00	0.00	1.00	0.00		NULL	NULL	1	0	0	1	0	0	0
138	59	0  	MUSEO DEL AUTOMOVIL (AFECTADO)	0.00	0.00	1.00	0.00		NULL	NULL	1	0	0	1	0	0	0
139	60	0  	PLAN FEDERAL DE VIVIENDAS     	0.00	0.00	1.00	0.00		NULL	NULL	1	0	0	1	0	0	0
140	61	0  	AP.SIDERCA UNIDAD DE TERAPIA  	0.00	0.00	1.00	0.00		NULL	NULL	1	0	0	1	0	0	0
141	62	0  	OFICINA DE EMPLEO (AFECTADO)  	0.00	0.00	1.00	0.00		NULL	NULL	1	0	0	1	0	0	0
142	63	0  	OFICINA DE EMPLEO (AFECTADO)  	0.00	0.00	1.00	0.00		NULL	NULL	1	0	0	1	0	0	0
143	64	0  	MTRIO. SALUD PROG. SANITARIOS 	0.00	0.00	1.00	0.00		NULL	NULL	1	0	0	1	0	0	0
144	65	0  	AP.SIDERCA A.C.P.E. 6 DE JULIO	0.00	0.00	1.00	0.00		NULL	NULL	1	0	0	1	0	0	0
145	66	0  	AP.SIDERCA A.C.P.BIBLIOTECA   	0.00	0.00	1.00	0.00		NULL	NULL	1	0	0	1	0	0	0
146	67	0  	AP.SIDERCA ADQ. PC (AFECTADO) 	0.00	0.00	1.00	0.00		NULL	NULL	1	0	0	1	0	0	0
147	68	0  	MULTAS POR CONTRAVENCION      	0.00	0.00	1.00	0.00		NULL	NULL	1	0	0	1	0	0	0
148	68	1  	TASA POR ACTUACION ADMINISTR. 	0.00	0.00	1.00	0.00		NULL	NULL	1	0	0	1	0	0	0
149	68	1MO	MULTA X CONTRAV.ORD.6457/15   	0.00	0.00	1.00	0.00		NULL	NULL	1	0	0	1	0	0	0
150	68	2	MULTAS POR CONTRAVENCION	0.00	0.00	1.00	0.00		NULL	NULL	1	0	0	1	0	0	0
151	68	3	TASA POR ACTUACION ADMINISTR.	0.00	0.00	1.00	0.00		NULL	NULL	1	0	0	1	0	0	0
152	68	5	DERECHOS DE CONSTRUCCION OBRA MENOR (BL)	0.00	0.00	1.00	0.00		NULL	NULL	1	0	0	1	0	0	0
153	68	6	DERECHOS DE CONSTRUCCION OBRA MENOR (CE)	0.00	0.00	1.00	0.00		NULL	NULL	1	0	0	1	0	0	0
154	68	7	MULTAS POR CONTRAVENCION      	0.00	0.00	1.00	0.00		NULL	NULL	1	0	0	1	0	0	0
155	69	0  	LEY 11430 - RUTAS Y CAMINOS   	0.00	0.00	1.00	0.00		NULL	NULL	1	0	0	1	0	0	0
156	69	1  	LEY 11430-RUTAS Y CAMINOS MUN.	0.00	0.00	1.00	0.00		NULL	NULL	1	0	0	1	0	0	0
157	69	2  	LEY 11430-RUTAS Y CAMINOS PCIA	0.00	0.00	1.00	0.00		NULL	NULL	1	0	0	1	0	0	0
158	69	3  	MULTAS LEY 11430 (D.DE OFIC.) 	0.00	0.00	1.00	0.00		NULL	NULL	1	0	0	1	0	0	0
159	69	4  	LEY 11430-RUTAS Y CAMINOS ASER	0.00	0.00	1.00	0.00		NULL	NULL	1	0	0	1	0	0	0
160	69	5	MULTAS LEY 11430 (D.DE OFIC.) (CO)	0.00	0.00	1.00	0.00		NULL	NULL	1	0	0	1	0	0	0
161	70	5	MULTA DEBERES FORMALES	0.00	0.00	1.00	0.00		NULL	NULL	1	0	0	1	0	0	0
162	71	5	MULTA POR OMISIÃ“N	0.00	0.00	1.00	0.00		NULL	NULL	1	0	0	1	0	0	0
163	72	5	MULTA POR DEFRAUDACIÃ“N	0.00	0.00	1.00	0.00		NULL	NULL	1	0	0	1	0	0	0
164	73	0  	LOCACION DE BIENES MUNICIPALES	0.00	0.00	1.00	0.00		NULL	NULL	1	0	0	1	0	0	0
165	74	0  	DER.DE PUBLICIDAD Y PROPAGANDA	0.00	0.00	1.00	0.00		NULL	NULL	1	0	0	1	0	0	0
166	74	1  	DER.DE PUBLICIDAD Y PROPAGANDA	0.00	0.00	1.00	0.00		NULL	NULL	1	0	0	1	0	0	0
167	74	2	PUBLICIDAD Y PROPAGANDA (FOLLETOS)	0.00	0.00	1.00	0.00		NULL	NULL	1	0	0	1	0	0	0
168	75	0  	INGRESOS VARIOS               	0.00	0.00	1.00	0.00		NULL	NULL	1	0	0	1	0	0	0
169	76	0  	TASA POR SERVICIOS GENERALES	0.00	0.00	1.00	0.00		NULL	NULL	1	0	0	1	0	0	0
170	76	1  	TASA POR SERVICIOS GENERALES	0.00	0.00	1.00	0.00		NULL	NULL	1	0	0	1	0	0	0
171	76	1AI	TASA POR ACCESIBILIDAD INCLUSIVA	0.00	0.00	1.00	0.00		NULL	NULL	1	0	0	1	0	0	0
172	76	1B 	COOP.B.VOLUNT.DTO.2062/08(AF.)	0.00	0.00	1.00	0.00		NULL	NULL	1	0	0	1	0	0	0
173	76	1B2	BONIFICACION DECRETO 1189-24	0.00	0.00	1.00	0.00		NULL	NULL	1	0	0	1	0	0	0
174	76	1B3	BONIFICACIÃ“N SOBRE CUOTAS 3/2025 Y 4/2025	0.00	0.00	1.00	0.00		NULL	NULL	1	0	0	1	0	0	0
175	76	1B4	BONIFICACIÃ“N SOBRE CUOTAS 5/2025 Y 6/2025	0.00	0.00	1.00	0.00		NULL	NULL	1	0	0	1	0	0	0
176	76	1B5	BONIFICACIÃ“N SOBRE CUOTAS 7/2025 Y 8/2025	0.00	0.00	1.00	0.00		NULL	NULL	1	0	0	1	0	0	0
177	76	1B6	BONIFICACIÃ“N SOBRE CUOTAS 9/2025 Y 10/2025	0.00	0.00	1.00	0.00		NULL	NULL	1	0	0	1	0	0	0
178	76	1BC	DESCUENTO BUEN CONTRIBUYENTE	0.00	0.00	1.00	0.00		NULL	NULL	1	0	0	1	0	0	0
179	76	1BE	DESCUENTO ADHESION A BOLETA ELECTRÃ“NICA	0.00	0.00	1.00	0.00		NULL	NULL	1	0	0	1	0	0	0
180	76	1BO	BONIFICACIÃ“N SOBRE CUOTAS 11/2024 Y 12/2024	0.00	0.00	1.00	0.00		NULL	NULL	1	0	0	1	0	0	0
181	76	1C 	TASA POR SERVICIOS GENERALES	0.00	0.00	1.00	0.00		NULL	NULL	1	0	0	1	0	0	0
182	76	1CB	BON.O.F.I.6601-2/17 D.R.120/18	0.00	0.00	1.00	0.00		NULL	NULL	1	0	0	1	0	0	0
183	76	1CV	BONIFICACION DTO. 1630/16     	0.00	0.00	1.00	0.00		NULL	NULL	1	0	0	1	0	0	0
184	76	1D2	DCTO-2025-239-E-MUNICAM-INT	0.00	0.00	1.00	0.00		NULL	NULL	1	0	0	1	0	0	0
185	76	1DM	DTO 2023-104-E-MUNICAM-INT	0.00	0.00	1.00	0.00		NULL	NULL	1	0	0	1	0	0	0
186	76	1DT	DTO 2022-539-E-MUNICAM-INT	0.00	0.00	1.00	0.00		NULL	NULL	1	0	0	1	0	0	0
187	76	1E 	FDO.CONSTR.Y MANT.EST.EDUCAC. 	0.00	0.00	1.00	0.00		NULL	NULL	1	0	0	1	0	0	0
188	76	1M 	MORATORIA BARRIDO, LIMP. Y CVP	0.00	0.00	1.00	0.00		NULL	NULL	1	0	0	1	0	0	0
189	76	1PC	TASA POR PREVENCION CIUDADANA 	0.00	0.00	1.00	0.00		NULL	NULL	1	0	0	1	0	0	0
190	76	1S 	SEMESTRE BARRIDO,LIMPIEZA,CVP.	0.00	0.00	1.00	0.00		NULL	NULL	1	0	0	1	0	0	0
191	76	1SP	TASA APORTE PARA LA SALUD PCA.	0.00	0.00	1.00	0.00		NULL	NULL	1	0	0	1	0	0	0
192	76	1T 	TRIMESTRE BARRIDO,LIMPIEZA,CVP	0.00	0.00	1.00	0.00		NULL	NULL	1	0	0	1	0	0	0
193	76	1TD	DTO 2022-385-E-MUNICAM-INT	0.00	0.00	1.00	0.00		NULL	NULL	1	0	0	1	0	0	0
194	76	2	A CTA. SERVICIOS GENERALES	0.00	0.00	1.00	0.00		NULL	NULL	1	0	0	1	0	0	0
195	76	90	BARRIDO Y LIMPIEZA (Pago Anual)	0.00	0.00	1.00	0.00		NULL	NULL	1	0	0	1	0	0	0
196	76	91	BARRIDO Y LIMPIEZA (Pago 1er SEMESTRE)	0.00	0.00	1.00	0.00		NULL	NULL	1	0	0	1	0	0	0
197	76	92	BARRIDO Y LIMPIEZA (Pago 2do SEMESTRE)	0.00	0.00	1.00	0.00		NULL	NULL	1	0	0	1	0	0	0
198	76	99	BDO.Y LIMP.Y C.V.P.SERV.GRALES ESPECIALES	0.00	0.00	1.00	0.00		NULL	NULL	1	0	0	1	0	0	0
199	77	0  	SERVICIO SANITARIO MEDIDO     	0.00	0.00	1.00	0.00		NULL	NULL	1	0	0	1	0	0	0
200	77	1  	SERVICIO SANITARIO MEDIDO     	0.00	0.00	1.00	0.00		NULL	NULL	1	0	0	1	0	0	0
201	77	1A 	ANTICIPO SERV. SANIT. MEDIDO  	0.00	0.00	1.00	0.00		NULL	NULL	1	0	0	1	0	0	0
202	77	1C 	CUOTA SERV. SANITARIO MEDIDO  	0.00	0.00	1.00	0.00		NULL	NULL	1	0	0	1	0	0	0
203	77	1P 	FONDO REDES CLOACALES         	0.00	0.00	1.00	0.00		NULL	NULL	1	0	0	1	0	0	0
204	78	0  	CANON CONCESION S. SANITARIOS 	0.00	0.00	1.00	0.00		NULL	NULL	1	0	0	1	0	0	0
205	79	0  	SERVICIO SANITARIO NO MEDIDO  	0.00	0.00	1.00	0.00		NULL	NULL	1	0	0	1	0	0	0
206	79	1  	SERVICIO SANITARIO NO MEDIDO  	0.00	0.00	1.00	0.00		NULL	NULL	1	0	0	1	0	0	0
207	79	1A 	ANTICIPO SERV.SANIT. NO MEDIDO	0.00	0.00	1.00	0.00		NULL	NULL	1	0	0	1	0	0	0
208	79	1C 	CUOTA SERV. SANIT. NO MEDIDO  	0.00	0.00	1.00	0.00		NULL	NULL	1	0	0	1	0	0	0
209	79	1P 	FONDO REDES CLOACALES         	0.00	0.00	1.00	0.00		NULL	NULL	1	0	0	1	0	0	0
210	80	0  	RED VIAL	0.00	0.00	1.00	0.00		NULL	NULL	1	0	0	1	0	0	0
211	80	1  	RED VIAL	0.00	0.00	1.00	0.00		NULL	NULL	1	0	0	1	0	0	0
212	80	1A 	ACDO.DE RED VIAL ATRASADO     	0.00	0.00	1.00	0.00		NULL	NULL	1	0	0	1	0	0	0
213	80	1B 	COOP.B.VOLUNT.DTO.2062/08(AF.)	0.00	0.00	1.00	0.00		NULL	NULL	1	0	0	1	0	0	0
214	80	1BC	DESCUENTO BUEN CONTRIBUYENTE	0.00	0.00	1.00	0.00		NULL	NULL	1	0	0	1	0	0	0
215	80	1BE	DESCUENTO ADHESION A BOLETA ELECTRÃ“NICA	0.00	0.00	1.00	0.00		NULL	NULL	1	0	0	1	0	0	0
216	80	1C 	RED VIAL	0.00	0.00	1.00	0.00		NULL	NULL	1	0	0	1	0	0	0
217	80	1CB	BON.O.F.I.6601-2/17 D.R.120/18	0.00	0.00	1.00	0.00		NULL	NULL	1	0	0	1	0	0	0
218	80	1E 	FDO. CONST. MANT. EDIF. EDUC. 	0.00	0.00	1.00	0.00		NULL	NULL	1	0	0	1	0	0	0
219	80	1M 	MORATORIA RED VIAL EJERC.ANT  	0.00	0.00	1.00	0.00		NULL	NULL	1	0	0	1	0	0	0
220	80	1PC	TASA POR PREVENCION CIUDADANA 	0.00	0.00	1.00	0.00		NULL	NULL	1	0	0	1	0	0	0
221	80	1S 	SEMESTRE RED VIAL MUNICIPAL   	0.00	0.00	1.00	0.00		NULL	NULL	1	0	0	1	0	0	0
222	80	1SP	TASA APORTE PARA LA SALUD PCA.	0.00	0.00	1.00	0.00		NULL	NULL	1	0	0	1	0	0	0
223	80	90	RED VIAL (Pago Anual)	0.00	0.00	1.00	0.00		NULL	NULL	1	0	0	1	0	0	0
224	80	91	RED VIAL (Pago 1er SEMESTRE)	0.00	0.00	1.00	0.00		NULL	NULL	1	0	0	1	0	0	0
225	80	92	RED VIAL (Pago 2do SEMESTRE)	0.00	0.00	1.00	0.00		NULL	NULL	1	0	0	1	0	0	0
226	81	0  	PAV. HORMIGON 36 C. CASC. URB.	0.00	0.00	1.00	0.00		NULL	NULL	1	0	0	1	0	0	0
227	82	0  	AP.HOGAR MATERNO INFANTIL     	0.00	0.00	1.00	0.00		NULL	NULL	1	0	0	1	0	0	0
228	83	0  	CONVENIO ABSA S.SANIT.ATRASAD.	0.00	0.00	1.00	0.00		NULL	NULL	1	0	0	1	0	0	0
229	84	0  	ACUERDO ACSA SERVICIOS SANIT. 	0.00	0.00	1.00	0.00		NULL	NULL	1	0	0	1	0	0	0
230	85	0  	ACDO.JUDICIAL ACSA SERV.SANIT.	0.00	0.00	1.00	0.00		NULL	NULL	1	0	0	1	0	0	0
231	86	0  	NOTA DEBITO ACSA SERV. SANIT. 	0.00	0.00	1.00	0.00		NULL	NULL	1	0	0	1	0	0	0
232	87	0  	FONDO DE TERCEROS (CARNET)    	0.00	0.00	1.00	0.00		NULL	NULL	1	0	0	1	0	0	0
233	88	0  	"SUBSIDIO EQ.PROGRAM.""HACIENDO"""	0.00	0.00	1.00	0.00		NULL	NULL	1	0	0	1	0	0	0
234	89	0	FONDO MUNICIPAL DE LA VIVIENDA (Ord. 3406/97)	0.00	0.00	1.00	0.00		NULL	NULL	1	0	0	1	0	0	0
235	90	0  	PAV.AV.TTE.GRAL.J.D.PERON     	0.00	0.00	1.00	0.00		NULL	NULL	1	0	0	1	0	0	0
236	91	0  	FONDO SOLIDARIO PROVINCIAL    	0.00	0.00	1.00	0.00		NULL	NULL	1	0	0	1	0	0	0
237	92	0  	I.N.S.S.J.P. DECRETO 480/2006 	0.00	0.00	1.00	0.00		NULL	NULL	1	0	0	1	0	0	0
238	93	0  	CIMOPU (AFECTADO)             	0.00	0.00	1.00	0.00		NULL	NULL	1	0	0	1	0	0	0
239	94	0  	PAV. AVENIDA AMEGHINO         	0.00	0.00	1.00	0.00		NULL	NULL	1	0	0	1	0	0	0
240	95	0  	COOP.SEGURIDAD PUBLICA(AFECT.)	0.00	0.00	1.00	0.00		NULL	NULL	1	0	0	1	0	0	0
241	96	0  	PAVIM.PARA 132 CUADRAS(AFECT.)	0.00	0.00	1.00	0.00		NULL	NULL	1	0	0	1	0	0	0
242	97	0  	APORTE MAT.VIVIENDA ISLEÂ¥OS   	0.00	0.00	1.00	0.00		NULL	NULL	1	0	0	1	0	0	0
243	98	0  	EDEN PRODUCIDO ORD. 1764/84   	0.00	0.00	1.00	0.00		NULL	NULL	1	0	0	1	0	0	0
244	99	0  	SUBS.MANT.CAMINOS ZONA DELTA  	0.00	0.00	1.00	0.00		NULL	NULL	1	0	0	1	0	0	0
245	100	0  	HABERES PENDIENTES DE PAGO    	0.00	0.00	1.00	0.00		NULL	NULL	1	0	0	1	0	0	0
246	101	0  	OBRA DE INFRAESTRUCTURA (AFEC.	0.00	0.00	1.00	0.00		NULL	NULL	1	0	0	1	0	0	0
247	102	0  	I.P.S. APORTES PERSONALES     	0.00	0.00	1.00	0.00		NULL	NULL	1	0	0	1	0	0	0
248	103	0  	PROG.FINANCIAM.INFRAEST.O.PCAS	0.00	0.00	1.00	0.00		NULL	NULL	1	0	0	1	0	0	0
249	104	0  	MONOTASA SOCIAL               	0.00	0.00	1.00	0.00		NULL	NULL	1	0	0	1	0	0	0
250	104	1	MONOTASA SOCIAL	0.00	0.00	1.00	0.00		NULL	NULL	1	0	0	1	0	0	0
251	104	1C 	MONOTASA SOCIAL               	0.00	0.00	1.00	0.00		NULL	NULL	1	0	0	1	0	0	0
252	104	1CB	MONOTASA SOCIAL (BONIFICAC.)  	0.00	0.00	1.00	0.00		NULL	NULL	1	0	0	1	0	0	0
253	104	1E	MONOTASA SOCIAL (EXIMICION)  	0.00	0.00	1.00	0.00		NULL	NULL	1	0	0	1	0	0	0
254	105	0  	DER.USO PLAY.Y RIB./OTR.INS.MP	0.00	0.00	1.00	0.00		NULL	NULL	1	0	0	1	0	0	0
255	105	0C 	DERECHO USO PLAYAS Y RIBERAS  	0.00	0.00	1.00	0.00		NULL	NULL	1	0	0	1	0	0	0
256	105	1C 	DER.USO PLAY.Y RIB.Y OT.IN.MPL	0.00	0.00	1.00	0.00		NULL	NULL	1	0	0	1	0	0	0
257	106	0  	F.HOGAR DE ANCIANOS (AFECTADO)	0.00	0.00	1.00	0.00		NULL	NULL	1	0	0	1	0	0	0
258	107	0  	APORTE CONINDELTA (AFECTADO)  	0.00	0.00	1.00	0.00		NULL	NULL	1	0	0	1	0	0	0
259	108	0  	REINTEGRO OBRAS CLOACALES     	0.00	0.00	1.00	0.00		NULL	NULL	1	0	0	1	0	0	0
260	108	1  	REINTEGRO OBRAS CLOACALES     	0.00	0.00	1.00	0.00		NULL	NULL	1	0	0	1	0	0	0
261	109	0  	OBRAS CLOACAS (CONVENIO EMACO)	0.00	0.00	1.00	0.00		NULL	NULL	1	0	0	1	0	0	0
262	110	0  	CAMPAÂ¤A DE VACUNAC.(AFECTADO) 	0.00	0.00	1.00	0.00		NULL	NULL	1	0	0	1	0	0	0
263	111	0  	ACT.RECREAT.Y EVENTOS(AFECT.) 	0.00	0.00	1.00	0.00		NULL	NULL	1	0	0	1	0	0	0
264	112	0  	RED CLOACAL ORD. 4534/2004    	0.00	0.00	1.00	0.00		NULL	NULL	1	0	0	1	0	0	0
265	113	0  	RED CLOACAL ORD. 4534/2004    	0.00	0.00	1.00	0.00		NULL	NULL	1	0	0	1	0	0	0
266	114	0  	AP.EMPRESAS FEST.130 A.CAMPANA	0.00	0.00	1.00	0.00		NULL	NULL	1	0	0	1	0	0	0
267	115	0  	FDO.FORT.SERVICIOS MUNICIPALES	0.00	0.00	1.00	0.00		NULL	NULL	1	0	0	1	0	0	0
268	116	0  	PLAN PAVIMENT.CALLE VIAMONTE  	0.00	0.00	1.00	0.00		NULL	NULL	1	0	0	1	0	0	0
269	116	1  	PLAN PAVIMENT.CALLE VIAMONTE  	0.00	0.00	1.00	0.00		NULL	NULL	1	0	0	1	0	0	0
270	117	0  	PLAN PAV.26 CUADRAS PLAN FORT.	0.00	0.00	1.00	0.00		NULL	NULL	1	0	0	1	0	0	0
271	117	1  	PLAN PAV.26 CUADRAS PLAN FORT.	0.00	0.00	1.00	0.00		NULL	NULL	1	0	0	1	0	0	0
272	118	0  	PLAN AGUA CORRIENTE PLAN FORT.	0.00	0.00	1.00	0.00		NULL	NULL	1	0	0	1	0	0	0
273	118	1  	PLAN AGUA CORRIENTE PLAN FORT.	0.00	0.00	1.00	0.00		NULL	NULL	1	0	0	1	0	0	0
274	119	0  	PLAN AGUA CORRIENTE FORTALEC. 	0.00	0.00	1.00	0.00		NULL	NULL	1	0	0	1	0	0	0
275	120	0  	FIESTAS Y EVENTOS (AFECTADO)  	0.00	0.00	1.00	0.00		NULL	NULL	1	0	0	1	0	0	0
276	121	0  	PLAN PAV.SAN MARTIN           	0.00	0.00	1.00	0.00		NULL	NULL	1	0	0	1	0	0	0
277	121	1  	PLAN PAV. CALLE SAN MARTIN    	0.00	0.00	1.00	0.00		NULL	NULL	1	0	0	1	0	0	0
278	122	0  	PLAN PAVIMENT.EMPRESA CALDERA 	0.00	0.00	1.00	0.00		NULL	NULL	1	0	0	1	0	0	0
279	122	1  	PLAN PAVIMENT.EMPRESA CALDERA 	0.00	0.00	1.00	0.00		NULL	NULL	1	0	0	1	0	0	0
280	123	0  	I.O.M.A. APORTES PERSONALES   	0.00	0.00	1.00	0.00		NULL	NULL	1	0	0	1	0	0	0
281	124	0  	SINDICATO MUNICIPAL AP.PERSON.	0.00	0.00	1.00	0.00		NULL	NULL	1	0	0	1	0	0	0
282	125	0  	HONORARIOS Y COSTAS JUDICIALES	0.00	0.00	1.00	0.00		NULL	NULL	1	0	0	1	0	0	0
283	125	1  	HONORARIOS ART.45 D.R.1566/09 	0.00	0.00	1.00	0.00		NULL	NULL	1	0	0	1	0	0	0
284	125	10  	APORTE PREV.A/C.MANDAT.EXT.10%	0.00	0.00	1.00	0.00		NULL	NULL	1	0	0	1	0	0	0
285	125	2  	HONOR.D.R.1566/09 30% A MUNIC.	0.00	0.00	1.00	0.00		NULL	NULL	1	0	0	1	0	0	0
286	125	3  	TASA JUSTICIA D.R.1566/2009   	0.00	0.00	1.00	0.00		NULL	NULL	1	0	0	1	0	0	0
287	125	4  	SOBRETAS.JUST.10% D.R.1566/09 	0.00	0.00	1.00	0.00		NULL	NULL	1	0	0	1	0	0	0
288	125	5  	APORTE 10%DE HONOR.D.R.1566/09	0.00	0.00	1.00	0.00		NULL	NULL	1	0	0	1	0	0	0
289	125	6  	CARGO ADMINISTR. D.R.1566/09  	0.00	0.00	1.00	0.00		NULL	NULL	1	0	0	1	0	0	0
290	125	7  	IUS PREVISIONAL(MAN.MUNICIPAL)	0.00	0.00	1.00	0.00		NULL	NULL	1	0	0	1	0	0	0
291	125	8  	BONO LEY (MANDAT.MUNICIPAL)	0.00	0.00	1.00	0.00		NULL	NULL	1	0	0	1	0	0	0
292	125	9  	ING.BRUTOS 3.5% D.R. 1566/09  	0.00	0.00	1.00	0.00		NULL	NULL	1	0	0	1	0	0	0
293	126	1  	HONORARIOS ART.45 D.R.1566/09  (AU)	0.00	0.00	1.00	0.00		NULL	NULL	1	0	0	1	0	0	0
294	126	2	HONORARIOS ART.45 D.R.1566/09 (PF)	0.00	0.00	1.00	0.00		NULL	NULL	1	0	0	1	0	0	0
295	126	3  	TASA JUSTICIA D.R.1566/2009    (AU)	0.00	0.00	1.00	0.00		NULL	NULL	1	0	0	1	0	0	0
296	126	4  	SOBRETAS.JUST.10% D.R.1566/09  (AU)	0.00	0.00	1.00	0.00		NULL	NULL	1	0	0	1	0	0	0
297	126	5  	APORTE 10%DE HONOR.D.R.1566/09 (AU)	0.00	0.00	1.00	0.00		NULL	NULL	1	0	0	1	0	0	0
298	126	6  	CARGO ADMINISTR. D.R.1566/09   (AU)	0.00	0.00	1.00	0.00		NULL	NULL	1	0	0	1	0	0	0
299	126	8  	BONO LEY (MANDAT.MUNICIPAL) (AU)	0.00	0.00	1.00	0.00		NULL	NULL	1	0	0	1	0	0	0
300	127	1  	HONORARIOS ART.45 D.R.1566/09  (MO)	0.00	0.00	1.00	0.00		NULL	NULL	1	0	0	1	0	0	0
301	127	3  	TASA JUSTICIA D.R.1566/2009    (MO)	0.00	0.00	1.00	0.00		NULL	NULL	1	0	0	1	0	0	0
302	127	4  	SOBRETAS.JUST.10% D.R.1566/09  (MO)	0.00	0.00	1.00	0.00		NULL	NULL	1	0	0	1	0	0	0
303	127	5  	APORTE 10%DE HONOR.D.R.1566/09 (MO)	0.00	0.00	1.00	0.00		NULL	NULL	1	0	0	1	0	0	0
304	127	6  	CARGO ADMINISTR. D.R.1566/09   (MO)	0.00	0.00	1.00	0.00		NULL	NULL	1	0	0	1	0	0	0
305	127	8  	BONO LEY (MANDAT.MUNICIPAL) (MO)	0.00	0.00	1.00	0.00		NULL	NULL	1	0	0	1	0	0	0
306	128	1  	HONORARIOS ART.45 D.R.1566/09  (CE)	0.00	0.00	1.00	0.00		NULL	NULL	1	0	0	1	0	0	0
307	128	3  	TASA JUSTICIA D.R.1566/2009    (CE)	0.00	0.00	1.00	0.00		NULL	NULL	1	0	0	1	0	0	0
308	128	4  	SOBRETAS.JUST.10% D.R.1566/09  (CE)	0.00	0.00	1.00	0.00		NULL	NULL	1	0	0	1	0	0	0
309	128	5  	APORTE 10%DE HONOR.D.R.1566/09 (CE)	0.00	0.00	1.00	0.00		NULL	NULL	1	0	0	1	0	0	0
310	128	6  	CARGO ADMINISTR. D.R.1566/09   (CE)	0.00	0.00	1.00	0.00		NULL	NULL	1	0	0	1	0	0	0
311	128	8  	BONO LEY (MANDAT.MUNICIPAL) (CE)	0.00	0.00	1.00	0.00		NULL	NULL	1	0	0	1	0	0	0
312	129	1  	HONORARIOS ART.45 D.R.1566/09  (BL)	0.00	0.00	1.00	0.00		NULL	NULL	1	0	0	1	0	0	0
313	129	3  	TASA JUSTICIA D.R.1566/2009    (BL)	0.00	0.00	1.00	0.00		NULL	NULL	1	0	0	1	0	0	0
314	129	4  	SOBRETAS.JUST.10% D.R.1566/09  (BL)	0.00	0.00	1.00	0.00		NULL	NULL	1	0	0	1	0	0	0
315	129	5  	APORTE 10%DE HONOR.D.R.1566/09 (BL)	0.00	0.00	1.00	0.00		NULL	NULL	1	0	0	1	0	0	0
316	129	6  	CARGO ADMINISTR. D.R.1566/09   (BL)	0.00	0.00	1.00	0.00		NULL	NULL	1	0	0	1	0	0	0
317	129	8  	BONO LEY (MANDAT.MUNICIPAL) (BL)	0.00	0.00	1.00	0.00		NULL	NULL	1	0	0	1	0	0	0
318	130	0 	HONORARIOS Y COSTAS JUDICIALES (CO)	0.00	0.00	1.00	0.00		NULL	NULL	1	0	0	1	0	0	0
319	130	1  	HONORARIOS ART.45 D.R.1566/09  (CO)	0.00	0.00	1.00	0.00		NULL	NULL	1	0	0	1	0	0	0
320	130	3  	TASA JUSTICIA D.R.1566/2009    (CO)	0.00	0.00	1.00	0.00		NULL	NULL	1	0	0	1	0	0	0
321	130	4  	SOBRETAS.JUST.10% D.R.1566/09  (CO)	0.00	0.00	1.00	0.00		NULL	NULL	1	0	0	1	0	0	0
322	130	40	TASA JUSTICIA D.R.1566/2009 (PF)	0.00	0.00	1.00	0.00		NULL	NULL	1	0	0	1	0	0	0
323	130	5  	APORTE 10%DE HONOR.D.R.1566/09 (CO)	0.00	0.00	1.00	0.00		NULL	NULL	1	0	0	1	0	0	0
324	130	50	SOBRETAS.JUST.10% D.R.1566/09 (PF)	0.00	0.00	1.00	0.00		NULL	NULL	1	0	0	1	0	0	0
325	130	6  	CARGO ADMINISTR. D.R.1566/09   (CO)	0.00	0.00	1.00	0.00		NULL	NULL	1	0	0	1	0	0	0
326	130	60	APORTE 10%DE HONOR.D.R.1566/09 (PF)	0.00	0.00	1.00	0.00		NULL	NULL	1	0	0	1	0	0	0
327	130	8  	BONO LEY (MANDAT.MUNICIPAL) (CO)	0.00	0.00	1.00	0.00		NULL	NULL	1	0	0	1	0	0	0
328	130	9	 BONO LEY (MANDAT.MUNICIPAL)	0.00	0.00	1.00	0.00		NULL	NULL	1	0	0	1	0	0	0
329	131	0  	PLAN GAS (VALROM) X ORD.      	0.00	0.00	1.00	0.00		NULL	NULL	1	0	0	1	0	0	0
330	131	1  	PLAN GAS (VALROM) CERT.DEUDA  	0.00	0.00	1.00	0.00		NULL	NULL	1	0	0	1	0	0	0
331	132	0  	PLAN GAS (VIDELPO) X ORDEN.   	0.00	0.00	1.00	0.00		NULL	NULL	1	0	0	1	0	0	0
332	132	1  	PLAN GAS (VIDELPO) X CERT.DEU.	0.00	0.00	1.00	0.00		NULL	NULL	1	0	0	1	0	0	0
333	133	0  	PLAN GAS (VALROM) P.ESPECIAL  	0.00	0.00	1.00	0.00		NULL	NULL	1	0	0	1	0	0	0
334	133	1  	PLAN GAS (VIDELPO) P.ESPECIAL 	0.00	0.00	1.00	0.00		NULL	NULL	1	0	0	1	0	0	0
335	134	0  	FDOS.VS.DE TERC.D.P.R.31/78   	0.00	0.00	1.00	0.00		NULL	NULL	1	0	0	1	0	0	0
336	135	0  	MATERIAL P./OB.INFRAESTRUCTURA	0.00	0.00	1.00	0.00		NULL	NULL	1	0	0	1	0	0	0
337	135	1  	PLAN DE GAS ESPECIALES        	0.00	0.00	1.00	0.00		NULL	NULL	1	0	0	1	0	0	0
338	136	0  	EVENTOS ESPECIALES (AFECTADO) 	0.00	0.00	1.00	0.00		NULL	NULL	1	0	0	1	0	0	0
339	137	0  	PROGRAMA MEDICOS COMUNIT.(AF.)	0.00	0.00	1.00	0.00		NULL	NULL	1	0	0	1	0	0	0
340	138	0  	FONDOS EN GARANTIA-RETENCIONES	0.00	0.00	1.00	0.00		NULL	NULL	1	0	0	1	0	0	0
341	139	0  	AP. EMPRES.BIBLIOTECA PUB. MUN	0.00	0.00	1.00	0.00		NULL	NULL	1	0	0	1	0	0	0
342	140	0  	EMBARGOS                      	0.00	0.00	1.00	0.00		NULL	NULL	1	0	0	1	0	0	0
343	141	0  	REINT.OB.PAV.AV.PERON (1ER.ET.	0.00	0.00	1.00	0.00		NULL	NULL	1	0	0	1	0	0	0
344	142	0  	AP. CONST. CAPS NÂ§17 LAS CAMP.	0.00	0.00	1.00	0.00		NULL	NULL	1	0	0	1	0	0	0
345	143	0  	PROARSA RED DIS.AGUA B.ALBIZOL	0.00	0.00	1.00	0.00		NULL	NULL	1	0	0	1	0	0	0
346	144	0  	PROARSA R.AGUA OTAMENDI I(AF.)	0.00	0.00	1.00	0.00		NULL	NULL	1	0	0	1	0	0	0
347	145	0  	PROARSA R.AGUA OTAMENDI II(AF.	0.00	0.00	1.00	0.00		NULL	NULL	1	0	0	1	0	0	0
348	146	0  	PROARSA R.AGUA LAS PRAD.I(AF.)	0.00	0.00	1.00	0.00		NULL	NULL	1	0	0	1	0	0	0
349	147	0  	PROARSA R.AGUA LAS PRAD.II(AF.	0.00	0.00	1.00	0.00		NULL	NULL	1	0	0	1	0	0	0
350	148	0  	PROARSA R.AGUA EL PARQUE I(AF.	0.00	0.00	1.00	0.00		NULL	NULL	1	0	0	1	0	0	0
351	149	0  	RED AGUA POT.R.LUJAN/PIONEROS 	0.00	0.00	1.00	0.00		NULL	NULL	1	0	0	1	0	0	0
352	150	0  	PLAYON DEPORT.CIC BÂ§LUBO(AFEC)	0.00	0.00	1.00	0.00		NULL	NULL	1	0	0	1	0	0	0
353	151	0  	CANON CONCES.ESTAC.MEDIDO(AF.)	0.00	0.00	1.00	0.00		NULL	NULL	1	0	0	1	0	0	0
354	152	0  	SUBS.TRABAJ.HOSPIT.MPALES(AF.)	0.00	0.00	1.00	0.00		NULL	NULL	1	0	0	1	0	0	0
355	153	0  	SEGURO DE VIDA VOLUNTARIO     	0.00	0.00	1.00	0.00		NULL	NULL	1	0	0	1	0	0	0
356	154	0  	DES.PLUV. S.FELIPE DTO.3499/97	0.00	0.00	1.00	0.00		NULL	NULL	1	0	0	1	0	0	0
357	155	0  	FOTOMULTAS                    	0.00	0.00	1.00	0.00		NULL	NULL	1	0	0	1	0	0	0
358	156	0  	BICI GUIAS AMBIENTALES (AF.)  	0.00	0.00	1.00	0.00		NULL	NULL	1	0	0	1	0	0	0
359	157	0  	CONV.DESC.TRIB.INMOB.Y PATENT.	0.00	0.00	1.00	0.00		NULL	NULL	1	0	0	1	0	0	0
360	158	0  	COOP.BOMBEROS VOLUNT.(AFECT.) 	0.00	0.00	1.00	0.00		NULL	NULL	1	0	0	1	0	0	0
361	159	0  	CANON CONC.SERV.SANIT.(AFECT.)	0.00	0.00	1.00	0.00		NULL	NULL	1	0	0	1	0	0	0
362	160	0  	FONDO REDES CLOACALES         	0.00	0.00	1.00	0.00		NULL	NULL	1	0	0	1	0	0	0
363	161	0  	CONST.SEC.IND.PLANIF.(PQE.IND)	0.00	0.00	1.00	0.00		NULL	NULL	1	0	0	1	0	0	0
364	162	0  	APORTE ESSO PZA.E.COSTA(AFEC.)	0.00	0.00	1.00	0.00		NULL	NULL	1	0	0	1	0	0	0
365	163	0  	AP.SIDERCA CAPS B.LAS CAMPANAS	0.00	0.00	1.00	0.00		NULL	NULL	1	0	0	1	0	0	0
366	164	0  	CONSTRUCCION DE NICHOS (AFECT)	0.00	0.00	1.00	0.00		NULL	NULL	1	0	0	1	0	0	0
367	165	0  	CONST.DE COLUMBARIOS(AFECTADO)	0.00	0.00	1.00	0.00		NULL	NULL	1	0	0	1	0	0	0
368	166	0  	AGENCIA DE TRABAJO (AFECTADO) 	0.00	0.00	1.00	0.00		NULL	NULL	1	0	0	1	0	0	0
369	167	0  	F.FORT.PROG.SOC.LEY 13163(AF.)	0.00	0.00	1.00	0.00		NULL	NULL	1	0	0	1	0	0	0
370	168	0  	TRAT.RESIDUOS LEY 13163(AFEC.)	0.00	0.00	1.00	0.00		NULL	NULL	1	0	0	1	0	0	0
371	169	0  	PRODENI (AFECTADO)            	0.00	0.00	1.00	0.00		NULL	NULL	1	0	0	1	0	0	0
372	170	0  	CONSTRUCCION HOGAR MAT.INFANT.	0.00	0.00	1.00	0.00		NULL	NULL	1	0	0	1	0	0	0
373	171	0  	PLAN ALIM.MUNICIPAL (AFECTADO)	0.00	0.00	1.00	0.00		NULL	NULL	1	0	0	1	0	0	0
374	172	0  	PLAN ALIM.CELIACOS (AFECTADO) 	0.00	0.00	1.00	0.00		NULL	NULL	1	0	0	1	0	0	0
375	173	0  	TORNEOS BONAERENSES (AFECTADO)	0.00	0.00	1.00	0.00		NULL	NULL	1	0	0	1	0	0	0
376	174	0  	TORNEOS/ENC.LOCALES (AFECT.)  	0.00	0.00	1.00	0.00		NULL	NULL	1	0	0	1	0	0	0
377	175	0  	COMADRES (AFECTADO)           	0.00	0.00	1.00	0.00		NULL	NULL	1	0	0	1	0	0	0
378	176	0  	EVENTOS SOCIALES (AFECTADO)   	0.00	0.00	1.00	0.00		NULL	NULL	1	0	0	1	0	0	0
379	177	0  	CAMB.SISTEM.ALUMB.PCO. AFECT. 	0.00	0.00	1.00	0.00		NULL	NULL	1	0	0	1	0	0	0
380	178	0  	AP.MINIST.JEFAT.GABIN.MIN.(AF)	0.00	0.00	1.00	0.00		NULL	NULL	1	0	0	1	0	0	0
381	179	0  	P.PROV.DES.PRO.1629 DES.PLU.BÂ§	0.00	0.00	1.00	0.00		NULL	NULL	1	0	0	1	0	0	0
382	180	0  	VENTA DE TIERRAS Y TERRENOS   	0.00	0.00	1.00	0.00		NULL	NULL	1	0	0	1	0	0	0
383	181	0  	AP.EMPRESAS FUNC.H.ANC.(AFECT)	0.00	0.00	1.00	0.00		NULL	NULL	1	0	0	1	0	0	0
384	182	0  	APOYO ECO.MIN.DES.SOC.NAC.(AF)	0.00	0.00	1.00	0.00		NULL	NULL	1	0	0	1	0	0	0
385	183	0  	AP.PROVEN.DE EMPRESAS (AFEC.) 	0.00	0.00	1.00	0.00		NULL	NULL	1	0	0	1	0	0	0
386	184	0  	P.C.B.PROG.AGRIC.PERIURB.(AF.)	0.00	0.00	1.00	0.00		NULL	NULL	1	0	0	1	0	0	0
387	185	0	INSP. DE INSTALACIONES TÃ‰CNICAS MECÃNICAS Y/O ELECTROMECÃNICAS	0.00	0.00	1.00	0.00		NULL	NULL	1	0	0	1	0	0	0
388	186	0  	AP.INST.ENS.POR EMPRESAS(AFEC)	0.00	0.00	1.00	0.00		NULL	NULL	1	0	0	1	0	0	0
389	187	0  	PRO.CRE.AR.(AFECTADO)         	0.00	0.00	1.00	0.00		NULL	NULL	1	0	0	1	0	0	0
390	188	0  	FUNCION.HOGAR MAT.INF.(AFECT.)	0.00	0.00	1.00	0.00		NULL	NULL	1	0	0	1	0	0	0
391	189	0  	EMPREND.PRODUC.BCO.NAC.(AFECT)	0.00	0.00	1.00	0.00		NULL	NULL	1	0	0	1	0	0	0
392	190	0  	COMPENSACION TESORO NACIONAL  	0.00	0.00	1.00	0.00		NULL	NULL	1	0	0	1	0	0	0
393	191	0  	FDO.PARA FORTAL.RECURS.MUNIC. 	0.00	0.00	1.00	0.00		NULL	NULL	1	0	0	1	0	0	0
394	192	0  	FDO.MUNIC.INCLUSION SOCIAL    	0.00	0.00	1.00	0.00		NULL	NULL	1	0	0	1	0	0	0
395	193	0  	JUEG.AZAR Y CASINOS O.PRO.(AF)	0.00	0.00	1.00	0.00		NULL	NULL	1	0	0	1	0	0	0
396	194	0  	PROGRAMA ING.SOC.C.TRABAJO(AF)	0.00	0.00	1.00	0.00		NULL	NULL	1	0	0	1	0	0	0
397	195	0  	PROMOCION DEL DEPORTE(AFECTAD(	0.00	0.00	1.00	0.00		NULL	NULL	1	0	0	1	0	0	0
398	196	0  	A.EMPR.MAS VIDA J.COMUNID.(AF)	0.00	0.00	1.00	0.00		NULL	NULL	1	0	0	1	0	0	0
399	197	0  	ADELANTO DEL TESORO PROVINCIAL	0.00	0.00	1.00	0.00		NULL	NULL	1	0	0	1	0	0	0
400	198	0  	FIESTAS DE INTERES MUNICIPAL  	0.00	0.00	1.00	0.00		NULL	NULL	1	0	0	1	0	0	0
401	199	0  	PLAN NACER (AFECTADO)         	0.00	0.00	1.00	0.00		NULL	NULL	1	0	0	1	0	0	0
402	200	0  	D.EQU.CAPS NÂ§6 VILLAN.(AFECT.)	0.00	0.00	1.00	0.00		NULL	NULL	1	0	0	1	0	0	0
403	201	0  	REMOD.Y REFACC.ED.MPAL.(AFECT)	0.00	0.00	1.00	0.00		NULL	NULL	1	0	0	1	0	0	0
404	202	0  	I.SEG.E HIG.FAB.ABON.Y PLAGIC.	0.00	0.00	1.00	0.00		NULL	NULL	1	0	0	1	0	0	0
405	203	0  	PRO.SAN.E. (AFECTADO)         	0.00	0.00	1.00	0.00		NULL	NULL	1	0	0	1	0	0	0
406	204	0  	CONVENIO FORTAL.LOGISTICO(AF.)	0.00	0.00	1.00	0.00		NULL	NULL	1	0	0	1	0	0	0
407	205	0  	EQUIP.SALA CLINICA MEDICA(AF.)	0.00	0.00	1.00	0.00		NULL	NULL	1	0	0	1	0	0	0
408	206	0  	FDO.EDUCATIVO PROVINCIAL (AF) 	0.00	0.00	1.00	0.00		NULL	NULL	1	0	0	1	0	0	0
409	207	0  	OB.CLOACAS: 5Â§ ETAPA BÂ§URQUIZA	0.00	0.00	1.00	0.00		NULL	NULL	1	0	0	1	0	0	0
410	208	0  	OB.CLOACAS: BARRIO ALBERDI    	0.00	0.00	1.00	0.00		NULL	NULL	1	0	0	1	0	0	0
411	209	0  	SEPARAC.RESIDUOS URBANOS (AF.)	0.00	0.00	1.00	0.00		NULL	NULL	1	0	0	1	0	0	0
412	210	0  	OB.CLOACAS:9Â§TRAMO BÂ§URQUIZA 2	0.00	0.00	1.00	0.00		NULL	NULL	1	0	0	1	0	0	0
413	211	0  	OB.CLOACAS:7Â§TRAMO BÂ§PETROLERO	0.00	0.00	1.00	0.00		NULL	NULL	1	0	0	1	0	0	0
414	212	0  	OB.CLOACAS:6Â§TRAMO BÂ§ DEL PINO	0.00	0.00	1.00	0.00		NULL	NULL	1	0	0	1	0	0	0
415	213	0  	OB.CLOACAL:1Â§TR.BÂ§LAS CAMPANAS	0.00	0.00	1.00	0.00		NULL	NULL	1	0	0	1	0	0	0
416	214	0  	DELTA CAMPANENSE (AFECTADO)   	0.00	0.00	1.00	0.00		NULL	NULL	1	0	0	1	0	0	0
417	215	0  	AP.EMPRES.REMOD.FACH.PAL.MPAL.	0.00	0.00	1.00	0.00		NULL	NULL	1	0	0	1	0	0	0
418	216	0  	OB.CLOACAS:12Â§TR.BÂ§ SARMIENTO 	0.00	0.00	1.00	0.00		NULL	NULL	1	0	0	1	0	0	0
419	217	0  	OB.CLOACAL:8Â§TRAMO BÂ§DEL PINO2	0.00	0.00	1.00	0.00		NULL	NULL	1	0	0	1	0	0	0
420	218	0  	OB.CLOACAS:10Â§TR.B.BÂ§PROVINCIA	0.00	0.00	1.00	0.00		NULL	NULL	1	0	0	1	0	0	0
421	219	0  	P.MARCHA UTI FD.PROV.SALUD(AF)	0.00	0.00	1.00	0.00		NULL	NULL	1	0	0	1	0	0	0
422	220	0  	PROGRAMA ENVION               	0.00	0.00	1.00	0.00		NULL	NULL	1	0	0	1	0	0	0
423	221	0  	INSPECCIONES REITERADAS       	0.00	0.00	1.00	0.00		NULL	NULL	1	0	0	1	0	0	0
424	221	1	INSPECCIONES REITERADAS	0.00	0.00	1.00	0.00		NULL	NULL	1	0	0	1	0	0	0
425	222	0  	EVALUACION AMBIENTAL          	0.00	0.00	1.00	0.00		NULL	NULL	1	0	0	1	0	0	0
426	223	0  	ASISTENCIA TECNICA Y CAPACIT. 	0.00	0.00	1.00	0.00		NULL	NULL	1	0	0	1	0	0	0
427	224	0  	BANCO PROVINCIA-OBRA INFRAEST.	0.00	0.00	1.00	0.00		NULL	NULL	1	0	0	1	0	0	0
428	225	0  	COLECTOR CLOAC.:BÂ§LAS CAMPANAS	0.00	0.00	1.00	0.00		NULL	NULL	1	0	0	1	0	0	0
429	226	0  	OB.CLOACAS:11Â§TR.BÂ§SARMIENTO 2	0.00	0.00	1.00	0.00		NULL	NULL	1	0	0	1	0	0	0
430	227	0  	PAV.AC.INST.BÂ§LUBO, 9 DE JULIO	0.00	0.00	1.00	0.00		NULL	NULL	1	0	0	1	0	0	0
431	228	0  	PAV. ACCESO BÂ§ ALBIZOLA       	0.00	0.00	1.00	0.00		NULL	NULL	1	0	0	1	0	0	0
432	229	0  	PLAZA BÂ§ LA ARGENTINA         	0.00	0.00	1.00	0.00		NULL	NULL	1	0	0	1	0	0	0
433	230	0  	PLAZA BARRIO DEL PINO         	0.00	0.00	1.00	0.00		NULL	NULL	1	0	0	1	0	0	0
434	231	0  	PLAZA INDEPEND. BÂ§ 9 DE JULIO 	0.00	0.00	1.00	0.00		NULL	NULL	1	0	0	1	0	0	0
435	232	0  	PLAZA MANUEL CACERES BÂ§ LUBO  	0.00	0.00	1.00	0.00		NULL	NULL	1	0	0	1	0	0	0
436	233	0  	CONVENIO DESC.EN INFRAEST.(AF)	0.00	0.00	1.00	0.00		NULL	NULL	1	0	0	1	0	0	0
437	234	0  	AP. EMPRES. BIBLIOT.PCA.MPAL. 	0.00	0.00	1.00	0.00		NULL	NULL	1	0	0	1	0	0	0
438	235	0  	SERV.LAB. UHSJ FDO.PROV.SALUD 	0.00	0.00	1.00	0.00		NULL	NULL	1	0	0	1	0	0	0
439	236	0  	AP.SUBS.-TECHO DIGNO 104 VIV. 	0.00	0.00	1.00	0.00		NULL	NULL	1	0	0	1	0	0	0
440	237	0  	AP.UOM.-TECHO DIGNO 104 VIV.IN	0.00	0.00	1.00	0.00		NULL	NULL	1	0	0	1	0	0	0
441	238	0  	PLAZA BARRIO SAN FELIPE       	0.00	0.00	1.00	0.00		NULL	NULL	1	0	0	1	0	0	0
442	239	0  	PLAZA BARRIO SANTA FLORENTINA 	0.00	0.00	1.00	0.00		NULL	NULL	1	0	0	1	0	0	0
443	240	0  	PLAZA BARRIO NUEVO DALMINE    	0.00	0.00	1.00	0.00		NULL	NULL	1	0	0	1	0	0	0
444	241	0  	PASEO COSTANERO               	0.00	0.00	1.00	0.00		NULL	NULL	1	0	0	1	0	0	0
445	242	0  	ALUM.PCO.BÂ§PERIF.COL.ALUM.COMP	0.00	0.00	1.00	0.00		NULL	NULL	1	0	0	1	0	0	0
446	243	0  	CASA ABRIB.MUJERES VICT.VIOLEN	0.00	0.00	1.00	0.00		NULL	NULL	1	0	0	1	0	0	0
447	244	0  	SELLADO JUNTAS 200 C.CASC.URB.	0.00	0.00	1.00	0.00		NULL	NULL	1	0	0	1	0	0	0
448	245	0  	DON.F.HNOS.ROCCA MEJ.BÂ§SIDERCA	0.00	0.00	1.00	0.00		NULL	NULL	1	0	0	1	0	0	0
449	246	0  	PROFODE(PROG.FORT.EST.TURIS.E)	0.00	0.00	1.00	0.00		NULL	NULL	1	0	0	1	0	0	0
450	247	0  	EXTEN.DE RED GAS BÂ§LAS ACACIAS	0.00	0.00	1.00	0.00		NULL	NULL	1	0	0	1	0	0	0
451	248	0  	APORTE REMODEL.HOSPITAL M.S.J.	0.00	0.00	1.00	0.00		NULL	NULL	1	0	0	1	0	0	0
452	249	0  	AP.MIN.DE INDUST.-PARQUE INDUS	0.00	0.00	1.00	0.00		NULL	NULL	1	0	0	1	0	0	0
453	250	0  	E.U.H.S.J.A.VIDEOCOLONC.(AF)  	0.00	0.00	1.00	0.00		NULL	NULL	1	0	0	1	0	0	0
454	251	0  	PAV.BELLOMO E.RTA.6/VIGALONDO 	0.00	0.00	1.00	0.00		NULL	NULL	1	0	0	1	0	0	0
455	252	0  	PROG.PROV.ASIS.DES.METEOR.(AF)	0.00	0.00	1.00	0.00		NULL	NULL	1	0	0	1	0	0	0
456	253	0  	APORTE FONEDA (AFECTADO)      	0.00	0.00	1.00	0.00		NULL	NULL	1	0	0	1	0	0	0
457	254	0  	BÂ§SAN CAYETANO OB.INFR.EST.COM	0.00	0.00	1.00	0.00		NULL	NULL	1	0	0	1	0	0	0
458	255	0  	OTROS INGRESOS A DISTRIBUIR   	0.00	0.00	1.00	0.00		NULL	NULL	1	0	0	1	0	0	0
459	256	0  	PROGRAMA PAC (AFECTADO)       	0.00	0.00	1.00	0.00		NULL	NULL	1	0	0	1	0	0	0
460	257	0  	REINT. IPS. ANTIC. A JUBILADOS	0.00	0.00	1.00	0.00		NULL	NULL	1	0	0	1	0	0	0
461	258	0  	APORTE SEC.DH - CASA ABRIGO   	0.00	0.00	1.00	0.00		NULL	NULL	1	0	0	1	0	0	0
462	259	0  	A.FINANCIERO DTO. 1620/83     	0.00	0.00	1.00	0.00		NULL	NULL	1	0	0	1	0	0	0
463	259	1  	A.FINANCIERO DTO. 1799/83     	0.00	0.00	1.00	0.00		NULL	NULL	1	0	0	1	0	0	0
464	260	0  	FDO.CONSTR.REP.Y MANT.EST.EDU.	0.00	0.00	1.00	0.00		NULL	NULL	1	0	0	1	0	0	0
465	261	0  	T.FACTIB.LOCAC.Y PERM.INSTALAC	0.00	0.00	1.00	0.00		NULL	NULL	1	0	0	1	0	0	0
466	262	0  	SUBSID.PCIAL.FINANC.OBRAS.PCAS	0.00	0.00	1.00	0.00		NULL	NULL	1	0	0	1	0	0	0
467	263	0  	INTERESES SOBRE DEPOSITOS     	0.00	0.00	1.00	0.00		NULL	NULL	1	0	0	1	0	0	0
468	263	1	INTERESES CONFORME SENTENCIA JUDICIAL	0.00	0.00	1.00	0.00		NULL	NULL	1	0	0	1	0	0	0
469	263	2	INTERESES CONFORME SENTENCIA JUDICIAL	0.00	0.00	1.00	0.00		NULL	NULL	1	0	0	1	0	0	0
470	264	0  	REINTEGRO ANTIC.JUBILATORIOS  	0.00	0.00	1.00	0.00		NULL	NULL	1	0	0	1	0	0	0
471	265	0  	PRODUCIDO MERCAD.COMUNITARIO  	0.00	0.00	1.00	0.00		NULL	NULL	1	0	0	1	0	0	0
472	265	0R 	PRODUCIDO MERCADO COMUNITARIO 	0.00	0.00	1.00	0.00		NULL	NULL	1	0	0	1	0	0	0
473	266	0  	VENTA DE BIENES MUNICIPALES   	0.00	0.00	1.00	0.00		NULL	NULL	1	0	0	1	0	0	0
474	267	0  	PRESTAMO BCO.PCIA DE BS.AS.   	0.00	0.00	1.00	0.00		NULL	NULL	1	0	0	1	0	0	0
475	268	0  	AFECTACION- CTA ESPECIAL 707  	0.00	0.00	1.00	0.00		NULL	NULL	1	0	0	1	0	0	0
476	269	0  	FDO.VS.DE TERC.(CTA.DE TERC.) 	0.00	0.00	1.00	0.00		NULL	NULL	1	0	0	1	0	0	0
477	270	0  	B.92 VIV.EX_COMBAT.ATLANT.SUR 	0.00	0.00	1.00	0.00		NULL	NULL	1	0	0	1	0	0	0
478	271	0  	SUBS. TRATAMIENTOS QUIRURGICOS	0.00	0.00	1.00	0.00		NULL	NULL	1	0	0	1	0	0	0
479	272	0  	EQUIP. CLINICA MEDICA HOSPITAL	0.00	0.00	1.00	0.00		NULL	NULL	1	0	0	1	0	0	0
480	273	0  	FDO.ESP.O.MUNICIP. LEY 10867  	0.00	0.00	1.00	0.00		NULL	NULL	1	0	0	1	0	0	0
481	274	0  	SUB.AS.AL. RES. 748/92        	0.00	0.00	1.00	0.00		NULL	NULL	1	0	0	1	0	0	0
482	275	0  	HABILITACION DE COMERCIOS     	0.00	0.00	1.00	0.00		NULL	NULL	1	0	0	1	0	0	0
483	275	1  	HABILITACION Y/O CAMBIO RAMO  	0.00	0.00	1.00	0.00		NULL	NULL	1	0	0	1	0	0	0
484	275	10  	P.FIS./SOC.CIV.C.RUB.TRANS.Z.C	0.00	0.00	1.00	0.00		NULL	NULL	1	0	0	1	0	0	0
485	275	11  	SOC.COMERC.HABIL./C.DOM. Z. A 	0.00	0.00	1.00	0.00		NULL	NULL	1	0	0	1	0	0	0
486	275	12  	SOC.COMERC.HABIL./C.DOM. Z. B 	0.00	0.00	1.00	0.00		NULL	NULL	1	0	0	1	0	0	0
487	275	13  	SOC.COMERC.HABIL./C.DOM. Z. C 	0.00	0.00	1.00	0.00		NULL	NULL	1	0	0	1	0	0	0
488	275	14  	SOC.COMERC.C.RUB.TRANSF. Z. A 	0.00	0.00	1.00	0.00		NULL	NULL	1	0	0	1	0	0	0
489	275	15  	SOC.COMERC.C.RUB.TRANSF. Z. B 	0.00	0.00	1.00	0.00		NULL	NULL	1	0	0	1	0	0	0
490	275	16  	SOC.COMERC.C.RUB.TRANSF. Z. C 	0.00	0.00	1.00	0.00		NULL	NULL	1	0	0	1	0	0	0
491	275	17  	SUPERFICIE ENTRE 25M2 Y 49M2  	0.00	0.00	1.00	0.00		NULL	NULL	1	0	0	1	0	0	0
492	275	18  	SUPERFICIE ENTRE 50M2 Y 99M2  	0.00	0.00	1.00	0.00		NULL	NULL	1	0	0	1	0	0	0
493	275	19  	SUPERFICIE ENTRE 100M2 Y 199M2	0.00	0.00	1.00	0.00		NULL	NULL	1	0	0	1	0	0	0
494	275	2  	CAMBIO DOMICILIO Y/O ANEXO    	0.00	0.00	1.00	0.00		NULL	NULL	1	0	0	1	0	0	0
495	275	20  	SUPERFICIE ENTRE 200M2 y 2ha	0.00	0.00	1.00	0.00		NULL	NULL	1	0	0	1	0	0	0
496	275	21	HABILITACION-ACTIVO FIJO 2%	0.00	0.00	1.00	0.00		NULL	NULL	1	0	0	1	0	0	0
497	275	22	SOC.COMERC.HABIL./C.DOM. Z. B	0.00	0.00	1.00	0.00		NULL	NULL	1	0	0	1	0	0	0
498	275	23	SUPERFICIE ENTRE 50M2 Y 99M2	0.00	0.00	1.00	0.00		NULL	NULL	1	0	0	1	0	0	0
499	275	24	P.FIS./SOC.CIV.HAB./C.DOM.Z. C	0.00	0.00	1.00	0.00		NULL	NULL	1	0	0	1	0	0	0
500	275	25	SUPERFICIE ENTRE 25M2 Y 49M2  	0.00	0.00	1.00	0.00		NULL	NULL	1	0	0	1	0	0	0
501	275	26	SUPERFICIE ENTRE 100M2 Y 199M2	0.00	0.00	1.00	0.00		NULL	NULL	1	0	0	1	0	0	0
502	275	27	SUPERFICIE DE MAS DE 200M2	0.00	0.00	1.00	0.00		NULL	NULL	1	0	0	1	0	0	0
503	275	28	P.FIS./SOC.CIV.HAB./C.DOM.Z. A	0.00	0.00	1.00	0.00		NULL	NULL	1	0	0	1	0	0	0
504	275	29	SOC.COMERC.HABIL./C.DOM. Z. C 	0.00	0.00	1.00	0.00		NULL	NULL	1	0	0	1	0	0	0
505	275	3  	TRANSF.Y/O CAMBIO RAZON SOCIAL	0.00	0.00	1.00	0.00		NULL	NULL	1	0	0	1	0	0	0
506	275	30	DE MAS DE 5ha a 10ha	0.00	0.00	1.00	0.00		NULL	NULL	1	0	0	1	0	0	0
507	275	31	DE MAS DE 10ha a 20ha	0.00	0.00	1.00	0.00		NULL	NULL	1	0	0	1	0	0	0
508	275	32	DE MAS DE 20ha a 50ha	0.00	0.00	1.00	0.00		NULL	NULL	1	0	0	1	0	0	0
509	275	33	DE MAS DE 50ha a 100ha	0.00	0.00	1.00	0.00		NULL	NULL	1	0	0	1	0	0	0
510	275	34	DE MAS DE 100ha	0.00	0.00	1.00	0.00		NULL	NULL	1	0	0	1	0	0	0
511	275	35	P.FIS./SOC.CIV.HAB./C.DOM.Z. B	0.00	0.00	1.00	0.00		NULL	NULL	1	0	0	1	0	0	0
512	275	36	SUPERFICIE ENTRE 5000M2 y 5ha	0.00	0.00	1.00	0.00		NULL	NULL	1	0	0	1	0	0	0
513	275	4  	HABILITACION-ACTIVO FIJO 2%   	0.00	0.00	1.00	0.00		NULL	NULL	1	0	0	1	0	0	0
514	275	5  	P.FIS./SOC.CIV.HAB./C.DOM.Z. A	0.00	0.00	1.00	0.00		NULL	NULL	1	0	0	1	0	0	0
515	275	6  	P.FIS./SOC.CIV.HAB./C.DOM.Z. B	0.00	0.00	1.00	0.00		NULL	NULL	1	0	0	1	0	0	0
516	275	7  	P.FIS./SOC.CIV.HAB./C.DOM.Z. C	0.00	0.00	1.00	0.00		NULL	NULL	1	0	0	1	0	0	0
517	275	8  	P.FIS./SOC.CIV.C.RUB.TRANS.Z.A	0.00	0.00	1.00	0.00		NULL	NULL	1	0	0	1	0	0	0
518	275	9  	P.FIS./SOC.CIV.C.RUB.TRANS.Z.B	0.00	0.00	1.00	0.00		NULL	NULL	1	0	0	1	0	0	0
519	276	0  	TASA INSPEC.Y VERIF.DE ANTENAS	0.00	0.00	1.00	0.00		NULL	NULL	1	0	0	1	0	0	0
520	277	0  	TASA POR SERVICIOS ASISTENCIAL	0.00	0.00	1.00	0.00		NULL	NULL	1	0	0	1	0	0	0
521	277	1	Tasa por Servicios Asistenciales	0.00	0.00	1.00	0.00		NULL	NULL	1	0	0	1	0	0	0
522	278	0  	ACUERDO SEGURIDAD E HIGIENE   	0.00	0.00	1.00	0.00		NULL	NULL	1	0	0	1	0	0	0
523	278	0 A	ACUERDO SEGURIDAD E HIGIENE   	0.00	0.00	1.00	0.00		NULL	NULL	1	0	0	1	0	0	0
524	278	0 C	ACUERDO SEGURIDAD E HIGIENE   	0.00	0.00	1.00	0.00		NULL	NULL	1	0	0	1	0	0	0
525	278	0CA	ACUERDO SEGURIDAD E HIGIENE   	0.00	0.00	1.00	0.00		NULL	NULL	1	0	0	1	0	0	0
526	278	0CC	ACUERDO SEGURIDAD E HIGIENE   	0.00	0.00	1.00	0.00		NULL	NULL	1	0	0	1	0	0	0
527	278	0EA	ACUERDO SEGURIDAD E HIGIENE   	0.00	0.00	1.00	0.00		NULL	NULL	1	0	0	1	0	0	0
528	278	0EC	ACUERDO SEGURIDAD E HIGIENE   	0.00	0.00	1.00	0.00		NULL	NULL	1	0	0	1	0	0	0
529	278	0I 	INT. ACUERDO SEGURIDAD E HIG. 	0.00	0.00	1.00	0.00		NULL	NULL	1	0	0	1	0	0	0
530	278	0PA	ACUERDO SEGURIDAD E HIGIENE   	0.00	0.00	1.00	0.00		NULL	NULL	1	0	0	1	0	0	0
531	278	0RA	ACUERDO SEGURIDAD E HIGIENE   	0.00	0.00	1.00	0.00		NULL	NULL	1	0	0	1	0	0	0
532	278	0RC	ACUERDO SEGURIDAD E HIGIENE   	0.00	0.00	1.00	0.00		NULL	NULL	1	0	0	1	0	0	0
533	278	0SA	ACUERDO SEGURIDAD E HIGIENE   	0.00	0.00	1.00	0.00		NULL	NULL	1	0	0	1	0	0	0
534	279	1C 	ACDO.TASA MANT.VIAL Y SEÂ¥ALIZ.	0.00	0.00	1.00	0.00		NULL	NULL	1	0	0	1	0	0	0
535	279	1I 	ACDO.INT.MANT.VIAL Y SEÂ¥ALIZ. 	0.00	0.00	1.00	0.00		NULL	NULL	1	0	0	1	0	0	0
536	280	0C 	ACDO.FACT.LOC.PERM.INST.ANTENA	0.00	0.00	1.00	0.00		NULL	NULL	1	0	0	1	0	0	0
537	280	0I 	INTERES FACT.LOC.P.INST.ANTENA	0.00	0.00	1.00	0.00		NULL	NULL	1	0	0	1	0	0	0
538	281	0C 	ACUERDO INSPEC.VERIF.DE ANTENA	0.00	0.00	1.00	0.00		NULL	NULL	1	0	0	1	0	0	0
539	281	0I 	INTERES INSPEC.VERIF.ANTENAS  	0.00	0.00	1.00	0.00		NULL	NULL	1	0	0	1	0	0	0
540	282	0  	PROGRAMA DE INFRAES.SOC.PCIA. 	0.00	0.00	1.00	0.00		NULL	NULL	1	0	0	1	0	0	0
541	283	0  	PROGRAMA CRECER               	0.00	0.00	1.00	0.00		NULL	NULL	1	0	0	1	0	0	0
542	284	0  	ACUERDO DE ESPECT.PUBLICOS    	0.00	0.00	1.00	0.00		NULL	NULL	1	0	0	1	0	0	0
543	284	0 A	ACUERDO ESPECT.PUBLICOS       	0.00	0.00	1.00	0.00		NULL	NULL	1	0	0	1	0	0	0
544	284	0 C	ACUERDO ESPECT.PUBLICOS       	0.00	0.00	1.00	0.00		NULL	NULL	1	0	0	1	0	0	0
545	284	0I 	INT. ACUERDO ESPECTAC.PUBLICOS	0.00	0.00	1.00	0.00		NULL	NULL	1	0	0	1	0	0	0
546	285	0  	ACUERDO DEREC.DE CEMENTERIO   	0.00	0.00	1.00	0.00		NULL	NULL	1	0	0	1	0	0	0
547	285	0 A	ACUERDO DEREC.DE CEMENTERIO   	0.00	0.00	1.00	0.00		NULL	NULL	1	0	0	1	0	0	0
548	285	0 C	ACUERDO DEREC.DE CEMENTERIO   	0.00	0.00	1.00	0.00		NULL	NULL	1	0	0	1	0	0	0
549	285	0I 	INT. ACUERDO DER.DE CEMENTERIO	0.00	0.00	1.00	0.00		NULL	NULL	1	0	0	1	0	0	0
550	286	0  	ACDO.DER. CEM. (MANTENIMIENTO)	0.00	0.00	1.00	0.00		NULL	NULL	1	0	0	1	0	0	0
551	286	0 A	ACDO.DER. CEM. (MANTENIMIENTO)	0.00	0.00	1.00	0.00		NULL	NULL	1	0	0	1	0	0	0
552	286	0 C	ACDO.DER. CEM. (MANTENIMIENTO)	0.00	0.00	1.00	0.00		NULL	NULL	1	0	0	1	0	0	0
553	286	0I 	INT.ACDO. DER. CEM.(MANTENIM.)	0.00	0.00	1.00	0.00		NULL	NULL	1	0	0	1	0	0	0
554	287	0  	ACUERDO DEREC.DE CONSTRUCCION 	0.00	0.00	1.00	0.00		NULL	NULL	1	0	0	1	0	0	0
555	287	0 A	ACUERDO DERECHO DE CONSTRUCC. 	0.00	0.00	1.00	0.00		NULL	NULL	1	0	0	1	0	0	0
556	287	0 C	ACUERDO DERECHO DE CONSTRUC.  	0.00	0.00	1.00	0.00		NULL	NULL	1	0	0	1	0	0	0
557	287	0CA	ACUERDO DERECHO DE CONSTRUCCIO	0.00	0.00	1.00	0.00		NULL	NULL	1	0	0	1	0	0	0
558	287	0CC	ACUERDO DEREC.DE CONSTRUCCION 	0.00	0.00	1.00	0.00		NULL	NULL	1	0	0	1	0	0	0
559	287	0I 	INT. ACUERDO DEREC.DE CONSTR. 	0.00	0.00	1.00	0.00		NULL	NULL	1	0	0	1	0	0	0
560	288	0  	ACUERDO DEREC.INSP.VETERINARIA	0.00	0.00	1.00	0.00		NULL	NULL	1	0	0	1	0	0	0
561	288	0 A	ACUERDO DER.INSP.VETERINARIA  	0.00	0.00	1.00	0.00		NULL	NULL	1	0	0	1	0	0	0
562	288	0 C	ACUERDO DER.INSP.VETERINARIA  	0.00	0.00	1.00	0.00		NULL	NULL	1	0	0	1	0	0	0
563	288	0I 	INT. ACUERDO DEREC.INSP.VET.  	0.00	0.00	1.00	0.00		NULL	NULL	1	0	0	1	0	0	0
564	289	0  	ACUERDO EDEN ORD. 1764/84     	0.00	0.00	1.00	0.00		NULL	NULL	1	0	0	1	0	0	0
565	289	0 A	ACUERDO EDEN ORD. 1764/84     	0.00	0.00	1.00	0.00		NULL	NULL	1	0	0	1	0	0	0
566	289	0 C	ACUERDO EDEN ORD. 1764/84     	0.00	0.00	1.00	0.00		NULL	NULL	1	0	0	1	0	0	0
567	289	0I 	INT. ACUERDO EDEN ORD. 1764/84	0.00	0.00	1.00	0.00		NULL	NULL	1	0	0	1	0	0	0
568	290	0  	INMOBILIARIO RURAL            	0.00	0.00	1.00	0.00		NULL	NULL	1	0	0	1	0	0	0
569	291	0  	ACUERDO SERV.ESP.LIMP.E HIGIEN	0.00	0.00	1.00	0.00		NULL	NULL	1	0	0	1	0	0	0
570	291	0 A	ACUERDO SERV.ESP.LIMP.E HIGIEN	0.00	0.00	1.00	0.00		NULL	NULL	1	0	0	1	0	0	0
571	291	0 C	ACUERDO SERV.ESP.LIMP.E HIGIEN	0.00	0.00	1.00	0.00		NULL	NULL	1	0	0	1	0	0	0
572	291	0I 	INT. ACUERDO SERV.ES.LIMP.E H.	0.00	0.00	1.00	0.00		NULL	NULL	1	0	0	1	0	0	0
573	292	0  	ACUERDO MULTAS POR CONTRAVENC.	0.00	0.00	1.00	0.00		NULL	NULL	1	0	0	1	0	0	0
574	292	0 A	ACUERDOS MULTAS POR CONTRAVEN.	0.00	0.00	1.00	0.00		NULL	NULL	1	0	0	1	0	0	0
575	292	0 C	ACUERDO MULTAS POR CONTRAVENC.	0.00	0.00	1.00	0.00		NULL	NULL	1	0	0	1	0	0	0
576	292	0I 	ACUERDO MULTAS POR CONTRAVENC.	0.00	0.00	1.00	0.00		NULL	NULL	1	0	0	1	0	0	0
577	292	1	ACUERDO MULTAS POR CONTRAVENC.	0.00	0.00	1.00	0.00		NULL	NULL	1	0	0	1	0	0	0
578	293	0  	AC.MULTAS CONTR. (LEY 11430)  	0.00	0.00	1.00	0.00		NULL	NULL	1	0	0	1	0	0	0
579	293	0 A	AC.MULTAS CONTR. (LEY 11430)  	0.00	0.00	1.00	0.00		NULL	NULL	1	0	0	1	0	0	0
580	293	0 C	AC.MULTAS CONTR. (LEY 11430)  	0.00	0.00	1.00	0.00		NULL	NULL	1	0	0	1	0	0	0
581	293	0I 	INT. MULTAS CONTR. (LEY 11430)	0.00	0.00	1.00	0.00		NULL	NULL	1	0	0	1	0	0	0
582	294	0  	ACUERDO SERV.FUNEBRE MUNICIPAL	0.00	0.00	1.00	0.00		NULL	NULL	1	0	0	1	0	0	0
583	294	0 A	ACUERDO SERV.FUNEBRE MUNICIPAL	0.00	0.00	1.00	0.00		NULL	NULL	1	0	0	1	0	0	0
584	294	0 C	ACUERDO SERV.FUNEBRE MUNICIPAL	0.00	0.00	1.00	0.00		NULL	NULL	1	0	0	1	0	0	0
585	294	0I 	INT.ACUERDO SERV.FUNEBRE MPAL.	0.00	0.00	1.00	0.00		NULL	NULL	1	0	0	1	0	0	0
586	295	0  	ACUERDO INGRESOS VARIOS       	0.00	0.00	1.00	0.00		NULL	NULL	1	0	0	1	0	0	0
587	295	0I 	ACUERDO INGRESOS VARIOS       	0.00	0.00	1.00	0.00		NULL	NULL	1	0	0	1	0	0	0
588	296	0  	INGRESOS BRUTOS               	0.00	0.00	1.00	0.00		NULL	NULL	1	0	0	1	0	0	0
589	297	0  	ACDO. FONDOS EN GTIA.- RETENC.	0.00	0.00	1.00	0.00		NULL	NULL	1	0	0	1	0	0	0
590	297	0I 	INT.ACDO.FDOS.EN GTIA. RETENC.	0.00	0.00	1.00	0.00		NULL	NULL	1	0	0	1	0	0	0
591	298	0  	PROGR.NAC.PROMOCION DE EMPLEO 	0.00	0.00	1.00	0.00		NULL	NULL	1	0	0	1	0	0	0
592	299	0  	ACUERDO PROD. MERCADO COMUNIT.	0.00	0.00	1.00	0.00		NULL	NULL	1	0	0	1	0	0	0
593	299	0 A	ACUERDO PROD. MERCADO COMUNIT.	0.00	0.00	1.00	0.00		NULL	NULL	1	0	0	1	0	0	0
594	299	0 C	ACUERDO PROD. MERCADO COMUNIT.	0.00	0.00	1.00	0.00		NULL	NULL	1	0	0	1	0	0	0
595	299	0I 	ACUERDO PROD. MERCADO COMUNIT.	0.00	0.00	1.00	0.00		NULL	NULL	1	0	0	1	0	0	0
596	299	0RA	ACUERDO PROD. MERCADO COMUNIT.	0.00	0.00	1.00	0.00		NULL	NULL	1	0	0	1	0	0	0
597	299	0RC	ACUERDO PROD. MERCADO COMUNIT.	0.00	0.00	1.00	0.00		NULL	NULL	1	0	0	1	0	0	0
598	300	0  	ACUERDO APORT.INST.TRAT.QUIR. 	0.00	0.00	1.00	0.00		NULL	NULL	1	0	0	1	0	0	0
599	300	0 A	ACUERDO APORT.INSTR.TRAT.QUIR.	0.00	0.00	1.00	0.00		NULL	NULL	1	0	0	1	0	0	0
600	300	0 C	ACUERDO AP.TRAT.INSTR.QUIR.   	0.00	0.00	1.00	0.00		NULL	NULL	1	0	0	1	0	0	0
601	300	0I 	INTERES ACDO. AP.INST.T.QUIR. 	0.00	0.00	1.00	0.00		NULL	NULL	1	0	0	1	0	0	0
602	301	0  	D.USO M.PRODUC.Y FRUTOS       	0.00	0.00	1.00	0.00		NULL	NULL	1	0	0	1	0	0	0
603	301	1  	D.USO M.PRODUC. Y FRUTOS      	0.00	0.00	1.00	0.00		NULL	NULL	1	0	0	1	0	0	0
604	302	0  	ACUERDO PATENTE DE RODADOS    	0.00	0.00	1.00	0.00		NULL	NULL	1	0	0	1	0	0	0
605	302	0C 	ACUERDO PATENTE DE RODADOS    	0.00	0.00	1.00	0.00		NULL	NULL	1	0	0	1	0	0	0
606	302	0I 	INT.ACUERDO PATENTE DE RODADOS	0.00	0.00	1.00	0.00		NULL	NULL	1	0	0	1	0	0	0
607	303	0  	ACUERDO HABILITACION DE COM.  	0.00	0.00	1.00	0.00		NULL	NULL	1	0	0	1	0	0	0
608	303	0 A	ACUERDO HABILITACION DE COM.  	0.00	0.00	1.00	0.00		NULL	NULL	1	0	0	1	0	0	0
609	303	0 C	ACUERDO HABILITACION DE COM.  	0.00	0.00	1.00	0.00		NULL	NULL	1	0	0	1	0	0	0
610	303	0I 	INT. ACUERDO HABILITACIONES   	0.00	0.00	1.00	0.00		NULL	NULL	1	0	0	1	0	0	0
611	304	0  	ACUERDO INSPECCION TECNICA    	0.00	0.00	1.00	0.00		NULL	NULL	1	0	0	1	0	0	0
612	304	0 A	ACUERDO INSPECCION TECNICA    	0.00	0.00	1.00	0.00		NULL	NULL	1	0	0	1	0	0	0
613	304	0 C	ACUERDO INSPECCION TECNICA    	0.00	0.00	1.00	0.00		NULL	NULL	1	0	0	1	0	0	0
614	304	0I 	ACUERDO INSPECCION TECNICA    	0.00	0.00	1.00	0.00		NULL	NULL	1	0	0	1	0	0	0
615	305	0  	ACUERDO OCUP.O USO ESP.PUBLICO	0.00	0.00	1.00	0.00		NULL	NULL	1	0	0	1	0	0	0
616	305	0 A	ACUERDO OCUP.O USO ESP.PUBLICO	0.00	0.00	1.00	0.00		NULL	NULL	1	0	0	1	0	0	0
617	305	0 C	ACUERDO OCUP.O USO ESP.PUBLICO	0.00	0.00	1.00	0.00		NULL	NULL	1	0	0	1	0	0	0
618	305	0I 	ACUERDO OCUP.O USO ESP.PUBLICO	0.00	0.00	1.00	0.00		NULL	NULL	1	0	0	1	0	0	0
619	306	0  	ACUERDO EXPL. DE CANTERAS     	0.00	0.00	1.00	0.00		NULL	NULL	1	0	0	1	0	0	0
620	306	0 A	ACUERDO EXPL. DE CANTERAS     	0.00	0.00	1.00	0.00		NULL	NULL	1	0	0	1	0	0	0
621	306	0 C	ACUERDO EXPL. DE CANTERAS     	0.00	0.00	1.00	0.00		NULL	NULL	1	0	0	1	0	0	0
622	306	0I 	ACUERDO EXPL. DE CANTERAS     	0.00	0.00	1.00	0.00		NULL	NULL	1	0	0	1	0	0	0
623	307	0  	ACUERDO PUBLICIDAD Y PROPAG.  	0.00	0.00	1.00	0.00		NULL	NULL	1	0	0	1	0	0	0
624	307	0 A	ACUERDO PUBLICIDAD Y PROPAG.  	0.00	0.00	1.00	0.00		NULL	NULL	1	0	0	1	0	0	0
625	307	0 C	ACUERDO PUBLICIDAD Y PROPAG.  	0.00	0.00	1.00	0.00		NULL	NULL	1	0	0	1	0	0	0
626	307	0I 	ACUERDO PUBLICIDAD Y PROPAG.  	0.00	0.00	1.00	0.00		NULL	NULL	1	0	0	1	0	0	0
627	308	0  	ACUERDO CONEXION DE AGUA      	0.00	0.00	1.00	0.00		NULL	NULL	1	0	0	1	0	0	0
628	308	0 A	ACUERDO CONEXION DE AGUA      	0.00	0.00	1.00	0.00		NULL	NULL	1	0	0	1	0	0	0
629	308	0 C	ACUERDO CONEXION DE AGUA      	0.00	0.00	1.00	0.00		NULL	NULL	1	0	0	1	0	0	0
630	308	0I 	INT. ACUERDO CONEXION DE AGUA 	0.00	0.00	1.00	0.00		NULL	NULL	1	0	0	1	0	0	0
631	309	0  	ACUERDO CONEXION DE CLOACAS   	0.00	0.00	1.00	0.00		NULL	NULL	1	0	0	1	0	0	0
632	309	0 A	ACUERDO CONEXION DE CLOACAS   	0.00	0.00	1.00	0.00		NULL	NULL	1	0	0	1	0	0	0
633	309	0 C	ACUERDO CONEXION DE CLOACAS   	0.00	0.00	1.00	0.00		NULL	NULL	1	0	0	1	0	0	0
634	309	0I 	INT.ACDO. CONEXION DE CLOACAS 	0.00	0.00	1.00	0.00		NULL	NULL	1	0	0	1	0	0	0
635	310	0  	ACUERDO D.USO PROD.MERC.FRUTOS	0.00	0.00	1.00	0.00		NULL	NULL	1	0	0	1	0	0	0
636	310	0 A	ACUERDO D.USO PROD.MERC.FRUTOS	0.00	0.00	1.00	0.00		NULL	NULL	1	0	0	1	0	0	0
637	310	0 C	ACUERDO PROD.MERC.DE FRUTOS   	0.00	0.00	1.00	0.00		NULL	NULL	1	0	0	1	0	0	0
638	310	0I 	ACUERDO D.USO PROD.MERC.FRUTOS	0.00	0.00	1.00	0.00		NULL	NULL	1	0	0	1	0	0	0
639	311	0  	ACUERDO DEBA ORD. 1764/84     	0.00	0.00	1.00	0.00		NULL	NULL	1	0	0	1	0	0	0
640	311	0 A	ACUERDO DEBA ORD. 1764/84     	0.00	0.00	1.00	0.00		NULL	NULL	1	0	0	1	0	0	0
641	311	0 C	ACUERDO DEBA ORD. 1764/84     	0.00	0.00	1.00	0.00		NULL	NULL	1	0	0	1	0	0	0
642	311	0I 	ACUERDO DEBA ORD. 1764/84     	0.00	0.00	1.00	0.00		NULL	NULL	1	0	0	1	0	0	0
643	312	0  	CONEXION DE AGUA              	0.00	0.00	1.00	0.00		NULL	NULL	1	0	0	1	0	0	0
644	313	0  	ACUERDO IMPUESTO AUTOMOTOR    	0.00	0.00	1.00	0.00		NULL	NULL	1	0	0	1	0	0	0
645	313	0C 	ACUERDO IMPUESTO AUTOMOTOR    	0.00	0.00	1.00	0.00		NULL	NULL	1	0	0	1	0	0	0
646	313	1I 	INT.ACUERDO IMPUESTO AUTOMOTOR	0.00	0.00	1.00	0.00		NULL	NULL	1	0	0	1	0	0	0
647	314	0  	CONEXION DE CLOACAS           	0.00	0.00	1.00	0.00		NULL	NULL	1	0	0	1	0	0	0
648	315	0  	PROG.CULTURA ITINERANTE(AFEC.)	0.00	0.00	1.00	0.00		NULL	NULL	1	0	0	1	0	0	0
649	316	0  	CTAS.DE 3EROS.RETENC. I.V.A.  	0.00	0.00	1.00	0.00		NULL	NULL	1	0	0	1	0	0	0
650	317	0  	CTA.DE TERCEROS- PAVIMENTO    	0.00	0.00	1.00	0.00		NULL	NULL	1	0	0	1	0	0	0
651	318	0  	COBRO CESION DEL CREDITO GMS  	0.00	0.00	1.00	0.00		NULL	NULL	1	0	0	1	0	0	0
652	319	0  	"CTA.DE TERC.""EXTE.2200-17094"" "	0.00	0.00	1.00	0.00		NULL	NULL	1	0	0	1	0	0	0
653	320	0  	ACUERDO ANTERIOR S.E.H.(VIEJO)	0.00	0.00	1.00	0.00		NULL	NULL	1	0	0	1	0	0	0
654	321	0  	ACUERDO ANTERIOR S.E.H.(NUEVO)	0.00	0.00	1.00	0.00		NULL	NULL	1	0	0	1	0	0	0
655	322	0  	PRENSA Y DIFUSION(AFECTADOS)  	0.00	0.00	1.00	0.00		NULL	NULL	1	0	0	1	0	0	0
656	323	0  	RETENCION INGRESOS BRUTOS     	0.00	0.00	1.00	0.00		NULL	NULL	1	0	0	1	0	0	0
657	324	0  	RETENCION IMP.A LAS GANANCIAS 	0.00	0.00	1.00	0.00		NULL	NULL	1	0	0	1	0	0	0
658	325	0  	PLAN FAMILIA PROPIETARIA      	0.00	0.00	1.00	0.00		NULL	NULL	1	0	0	1	0	0	0
659	326	0  	RETENCION I.V.A.              	0.00	0.00	1.00	0.00		NULL	NULL	1	0	0	1	0	0	0
660	327	0  	OBRAS PAVIMENTO ORD.2921      	0.00	0.00	1.00	0.00		NULL	NULL	1	0	0	1	0	0	0
661	328	0  	MORATORIA SEGURIDAD E HIGIENE 	0.00	0.00	1.00	0.00		NULL	NULL	1	0	0	1	0	0	0
662	329	0  	FDO.MUN.P/VIVIENDA ORD.3406/97	0.00	0.00	1.00	0.00		NULL	NULL	1	0	0	1	0	0	0
663	329	1  	FDO.MUN.P/VIVIENDA ORD (PF/PJ) .3406/97	0.00	0.00	1.00	0.00		NULL	NULL	1	0	0	1	0	0	0
664	329	2	FDO.MUN.P/VIVIENDA ORD (PJ) .3406/97	0.00	0.00	1.00	0.00		NULL	NULL	1	0	0	1	0	0	0
665	330	0  	FONDO MUN. PAVIMENTACION UGDE 	0.00	0.00	1.00	0.00		NULL	NULL	1	0	0	1	0	0	0
666	331	0  	REINT.OBRAS PAVIMENT.ORD./4534	0.00	0.00	1.00	0.00		NULL	NULL	1	0	0	1	0	0	0
667	332	0  	R.OBRAS PAV. ORD/4534 (C/REC.)	0.00	0.00	1.00	0.00		NULL	NULL	1	0	0	1	0	0	0
668	333	0  	PRESTAMO BCO. PCIA.DE BS.AS.  	0.00	0.00	1.00	0.00		NULL	NULL	1	0	0	1	0	0	0
669	334	0  	CAN.ACUED.CTRAL.TERMOELECTRICA	0.00	0.00	1.00	0.00		NULL	NULL	1	0	0	1	0	0	0
670	335	0  	PFM CLOACAS H.MALVINAS (PREST)	0.00	0.00	1.00	0.00		NULL	NULL	1	0	0	1	0	0	0
671	336	0  	PLAN ALIM.MUNICIPAL (AFECTADO)	0.00	0.00	1.00	0.00		NULL	NULL	1	0	0	1	0	0	0
672	337	0  	CONST.PTA.TRAT.B.A.DEL PLATA  	0.00	0.00	1.00	0.00		NULL	NULL	1	0	0	1	0	0	0
673	338	0	COMERCIALIZACION DE ENVASES NO RETORNABLES Y AFINES	0.00	0.00	1.00	0.00		NULL	NULL	1	0	0	1	0	0	0
674	339	0  	LICIT.OBRAS PCAS. RETENCIONES 	0.00	0.00	1.00	0.00		NULL	NULL	1	0	0	1	0	0	0
675	340	0  	ACUERDO BARRIDO,LIMPIEZA Y CVP	0.00	0.00	1.00	0.00		NULL	NULL	1	0	0	1	0	0	0
676	340	0 A	ACUERDO BARRIDO Y LIMPIEZA CVP	0.00	0.00	1.00	0.00		NULL	NULL	1	0	0	1	0	0	0
677	340	0 C	ACUERDO BARRIDO,LIMP. DE ACDO.	0.00	0.00	1.00	0.00		NULL	NULL	1	0	0	1	0	0	0
678	340	0A 	ACUERDO BARRIDO Y LIMPIEZA CVP	0.00	0.00	1.00	0.00		NULL	NULL	1	0	0	1	0	0	0
679	340	0BA	ACUERDO COOP.BOMBEROS VOLUNT. 	0.00	0.00	1.00	0.00		NULL	NULL	1	0	0	1	0	0	0
680	340	0BC	ACUERDO COOP.BOMBEROS VOLUNT. 	0.00	0.00	1.00	0.00		NULL	NULL	1	0	0	1	0	0	0
681	340	0CA	ACUERDO BARRIDO,LIMPIEZA Y CVP	0.00	0.00	1.00	0.00		NULL	NULL	1	0	0	1	0	0	0
682	340	0CC	ACUERDO BARRIDO,LIMPIEZA Y CVP	0.00	0.00	1.00	0.00		NULL	NULL	1	0	0	1	0	0	0
683	340	0EA	ACUERDO BARRIDO,LIMPIEZA Y CVP	0.00	0.00	1.00	0.00		NULL	NULL	1	0	0	1	0	0	0
684	340	0EC	ACUERDO BARRIDO,LIMPIEZA Y CVP	0.00	0.00	1.00	0.00		NULL	NULL	1	0	0	1	0	0	0
685	340	0I 	INTERES ACUERDO B., L. Y CVP  	0.00	0.00	1.00	0.00		NULL	NULL	1	0	0	1	0	0	0
686	340	0IA	INTERES ACUERDO B., L. Y CVP  	0.00	0.00	1.00	0.00		NULL	NULL	1	0	0	1	0	0	0
687	340	0IC	ACUERDO DE BARR.LIMP.DE ACDOS 	0.00	0.00	1.00	0.00		NULL	NULL	1	0	0	1	0	0	0
688	340	0PA	ACDO.PREVENCION CIUDADANA ANT.	0.00	0.00	1.00	0.00		NULL	NULL	1	0	0	1	0	0	0
689	340	0PC	ACUERDO PREVENCION CIUDADANA  	0.00	0.00	1.00	0.00		NULL	NULL	1	0	0	1	0	0	0
690	340	0SA	ACUERDO BARRIDO,LIMPIEZA Y CVP	0.00	0.00	1.00	0.00		NULL	NULL	1	0	0	1	0	0	0
691	340	0SC	ACUERDO BARRIDO,LIMPIEZA Y CVP	0.00	0.00	1.00	0.00		NULL	NULL	1	0	0	1	0	0	0
692	340	0TA	ACUERDO BARRIDO,LIMPIEZA Y CVP	0.00	0.00	1.00	0.00		NULL	NULL	1	0	0	1	0	0	0
693	340	0TC	ACUERDO BARRIDO,LIMPIEZA Y CVP	0.00	0.00	1.00	0.00		NULL	NULL	1	0	0	1	0	0	0
694	340	1CB	ACUERDO BARR.Y LIMPIEZA BONIF.	0.00	0.00	1.00	0.00		NULL	NULL	1	0	0	1	0	0	0
695	341	0  	ACUERDO BARR.LIMP.Y CVP (ANT.)	0.00	0.00	1.00	0.00		NULL	NULL	1	0	0	1	0	0	0
696	342	0  	ACUERDO SERV.SANIT.MED. (ANT.)	0.00	0.00	1.00	0.00		NULL	NULL	1	0	0	1	0	0	0
697	343	0  	ACUERDO S.SANIT. NO MED.(ANT.)	0.00	0.00	1.00	0.00		NULL	NULL	1	0	0	1	0	0	0
698	344	0  	ACUERDO RED VIAL (ANTERIOR)   	0.00	0.00	1.00	0.00		NULL	NULL	1	0	0	1	0	0	0
699	345	0	SERVICIOS DE GESTION DE RESIDUOS A GRANDES GENERADORES	0.00	0.00	1.00	0.00		NULL	NULL	1	0	0	1	0	0	0
700	346	0  	LIC.OBRAS PCAS. PROPUESTAS    	0.00	0.00	1.00	0.00		NULL	NULL	1	0	0	1	0	0	0
701	347	0  	ACUERDO SERV. SANITARIO MEDIDO	0.00	0.00	1.00	0.00		NULL	NULL	1	0	0	1	0	0	0
702	347	0A 	ACUERDO SERV. SANITARIO MEDIDO	0.00	0.00	1.00	0.00		NULL	NULL	1	0	0	1	0	0	0
703	347	0AA	ACUERDO SERV.SANITARIO MEDIDO 	0.00	0.00	1.00	0.00		NULL	NULL	1	0	0	1	0	0	0
704	347	0AC	ACUERDO SERV.SANITARIO MEDIDO 	0.00	0.00	1.00	0.00		NULL	NULL	1	0	0	1	0	0	0
705	347	0C 	ACUERDO SERV. SANITARIO MEDIDO	0.00	0.00	1.00	0.00		NULL	NULL	1	0	0	1	0	0	0
706	347	0CA	ACUERDO SERV.SANITARIO MEDIDO 	0.00	0.00	1.00	0.00		NULL	NULL	1	0	0	1	0	0	0
707	347	0CC	ACUERDO SERV.SANITARIO MEDIDO 	0.00	0.00	1.00	0.00		NULL	NULL	1	0	0	1	0	0	0
708	347	0I 	INT.ACUERDO SER.SANITARIO MED.	0.00	0.00	1.00	0.00		NULL	NULL	1	0	0	1	0	0	0
709	348	0  	EVENTOS CULTURALES (AFECTADOS)	0.00	0.00	1.00	0.00		NULL	NULL	1	0	0	1	0	0	0
710	349	0	SERVICIOS DE GESTION DE RESIDUOS DE OBRA, ARIDOS y AFINES	0.00	0.00	1.00	0.00		NULL	NULL	1	0	0	1	0	0	0
711	350	0  	CONVENIO CON EL I.O.M.A.      	0.00	0.00	1.00	0.00		NULL	NULL	1	0	0	1	0	0	0
712	351	0  	ACUERDO SERV. SANIT. NO MEDIDO	0.00	0.00	1.00	0.00		NULL	NULL	1	0	0	1	0	0	0
713	351	0 A	ACUERDO SERV. SANIT. NO MEDIDO	0.00	0.00	1.00	0.00		NULL	NULL	1	0	0	1	0	0	0
714	351	0 C	ACUERDO SERV. SANIT. NO MEDIDO	0.00	0.00	1.00	0.00		NULL	NULL	1	0	0	1	0	0	0
715	351	0A 	ACUERDO SERV. SANIT. NO MEDIDO	0.00	0.00	1.00	0.00		NULL	NULL	1	0	0	1	0	0	0
716	351	0AA	ACUERDO SERV.SANIT.NO MEDIDO  	0.00	0.00	1.00	0.00		NULL	NULL	1	0	0	1	0	0	0
717	351	0AC	ACUERDO SERV.SANIT.NO MEDIDO  	0.00	0.00	1.00	0.00		NULL	NULL	1	0	0	1	0	0	0
718	351	0C 	ACUERDO SERV. SANIT. NO MEDIDO	0.00	0.00	1.00	0.00		NULL	NULL	1	0	0	1	0	0	0
719	351	0CA	ACUERDO SERV.SANIT.NO MEDIDO  	0.00	0.00	1.00	0.00		NULL	NULL	1	0	0	1	0	0	0
720	351	0CC	ACUERDO SERV.SANIT.NO MEDIDO  	0.00	0.00	1.00	0.00		NULL	NULL	1	0	0	1	0	0	0
721	351	0I 	INT.ACUERDO SERV.SANIT.NO MED.	0.00	0.00	1.00	0.00		NULL	NULL	1	0	0	1	0	0	0
722	351	0IA	INT. ACUERDO SER.SANIT.NO MED.	0.00	0.00	1.00	0.00		NULL	NULL	1	0	0	1	0	0	0
723	351	0IC	INT.ACUERDO SERV.SANIT.NO MED.	0.00	0.00	1.00	0.00		NULL	NULL	1	0	0	1	0	0	0
724	352	0  	REG.COPARTICIP.LEY 10559      	0.00	0.00	1.00	0.00		NULL	NULL	1	0	0	1	0	0	0
725	353	0  	ACUERDO RED VIAL              	0.00	0.00	1.00	0.00		NULL	NULL	1	0	0	1	0	0	0
726	353	0BA	ACUERDO COOP.BOMB.VOLUNTARIOS 	0.00	0.00	1.00	0.00		NULL	NULL	1	0	0	1	0	0	0
727	353	0BC	ACUERDO COOP.BOMBEROS VOLUNT. 	0.00	0.00	1.00	0.00		NULL	NULL	1	0	0	1	0	0	0
728	353	0CA	ACUERDO RED VIAL              	0.00	0.00	1.00	0.00		NULL	NULL	1	0	0	1	0	0	0
729	353	0CC	ACUERDO RED VIAL              	0.00	0.00	1.00	0.00		NULL	NULL	1	0	0	1	0	0	0
730	353	0EA	ACUERDO RED VIAL              	0.00	0.00	1.00	0.00		NULL	NULL	1	0	0	1	0	0	0
731	353	0EC	ACUERDO RED VIAL              	0.00	0.00	1.00	0.00		NULL	NULL	1	0	0	1	0	0	0
732	353	0I 	INTERES ACUERDO RED VIAL      	0.00	0.00	1.00	0.00		NULL	NULL	1	0	0	1	0	0	0
733	353	0PA	ACDO PREVENC.CIUDADANA (ANT.) 	0.00	0.00	1.00	0.00		NULL	NULL	1	0	0	1	0	0	0
734	353	0PC	ACDO.TASA PREV. CIUDADANA     	0.00	0.00	1.00	0.00		NULL	NULL	1	0	0	1	0	0	0
735	353	0SA	ACUERDO RED VIAL (SALUD PCA.) 	0.00	0.00	1.00	0.00		NULL	NULL	1	0	0	1	0	0	0
736	353	0SC	ACUERDO RED VIAL SALUD PCA.   	0.00	0.00	1.00	0.00		NULL	NULL	1	0	0	1	0	0	0
737	354	0  	CONV.EMPRESAS.MANT.VIAS.ACC.T.	0.00	0.00	1.00	0.00		NULL	NULL	1	0	0	1	0	0	0
738	355	0  	CANON CONCES.Y EXPLOT.DE NICHO	0.00	0.00	1.00	0.00		NULL	NULL	1	0	0	1	0	0	0
739	356	0  	MORATORIA BARRIDO, LIMPIEZA ET	0.00	0.00	1.00	0.00		NULL	NULL	1	0	0	1	0	0	0
740	357	0  	MORATORIA SERV. SANIT. MEDIDO 	0.00	0.00	1.00	0.00		NULL	NULL	1	0	0	1	0	0	0
741	358	0  	MORATORIA SERV.SANIT.NO MEDIDO	0.00	0.00	1.00	0.00		NULL	NULL	1	0	0	1	0	0	0
742	359	0  	MORATORIA RED VIAL            	0.00	0.00	1.00	0.00		NULL	NULL	1	0	0	1	0	0	0
743	360	0  	ACUERDO P.NAC.PROM.DEL EMPLEO 	0.00	0.00	1.00	0.00		NULL	NULL	1	0	0	1	0	0	0
744	360	0I 	ACUERDO P.NAC.PROM. DEL EMPLEO	0.00	0.00	1.00	0.00		NULL	NULL	1	0	0	1	0	0	0
745	361	0  	ACUERDO CTA.ACSA SERV.SANITAR.	0.00	0.00	1.00	0.00		NULL	NULL	1	0	0	1	0	0	0
746	361	0I 	INT.ACDO.CUOTA ACSA SERV.SAN. 	0.00	0.00	1.00	0.00		NULL	NULL	1	0	0	1	0	0	0
747	362	0  	ACDO.PLAN ANT.ACSA SERV.SANIT.	0.00	0.00	1.00	0.00		NULL	NULL	1	0	0	1	0	0	0
748	362	0I 	INT.ACDO.PLAN ANTER.ACSA S.S. 	0.00	0.00	1.00	0.00		NULL	NULL	1	0	0	1	0	0	0
749	363	0  	SISTEMA COMPRA MERC.COMUNITAR.	0.00	0.00	1.00	0.00		NULL	NULL	1	0	0	1	0	0	0
750	364	0  	PROG.INFRAESCT.SOC.EMERG.ECO. 	0.00	0.00	1.00	0.00		NULL	NULL	1	0	0	1	0	0	0
751	365	0  	CTA.DE TERC.:PROG.INTENS.TRAB.	0.00	0.00	1.00	0.00		NULL	NULL	1	0	0	1	0	0	0
752	366	0  	FONDO BENEFICO DE RIFAS       	0.00	0.00	1.00	0.00		NULL	NULL	1	0	0	1	0	0	0
753	367	0  	PROGRAMA FORT. MUN. (AFECTADO)	0.00	0.00	1.00	0.00		NULL	NULL	1	0	0	1	0	0	0
754	368	0  	FDO.MPAL.FORTALEC.SEGURIDAD(AF	0.00	0.00	1.00	0.00		NULL	NULL	1	0	0	1	0	0	0
755	369	0  	ACUERDO REINTEGRO OB. CLOACAS 	0.00	0.00	1.00	0.00		NULL	NULL	1	0	0	1	0	0	0
756	369	0 A	ACUERDO PLAN FORTAL.OB.CLOACAS	0.00	0.00	1.00	0.00		NULL	NULL	1	0	0	1	0	0	0
757	369	0 C	ACUERDO PLAN FORTAL.OB.CLOACAS	0.00	0.00	1.00	0.00		NULL	NULL	1	0	0	1	0	0	0
758	369	0I 	INT. ACUERDO REINT. OB.CLOACAS	0.00	0.00	1.00	0.00		NULL	NULL	1	0	0	1	0	0	0
759	370	0  	ACUERDO OB.CLOACAS CONV. EMACO	0.00	0.00	1.00	0.00		NULL	NULL	1	0	0	1	0	0	0
760	370	0I 	INT. AC. OB.CLOACAS CONV.EMACO	0.00	0.00	1.00	0.00		NULL	NULL	1	0	0	1	0	0	0
761	371	0  	ACUERDO RED CLOACAL 4534/2004 	0.00	0.00	1.00	0.00		NULL	NULL	1	0	0	1	0	0	0
762	371	0I 	INT.ACDO.RED CLOACAS 4534/2004	0.00	0.00	1.00	0.00		NULL	NULL	1	0	0	1	0	0	0
763	372	0  	ACDO.CLOACAS BO.DN.FRAN. C/REC	0.00	0.00	1.00	0.00		NULL	NULL	1	0	0	1	0	0	0
764	372	0I 	INT.ACDO.RED CLOACAL 4534/2004	0.00	0.00	1.00	0.00		NULL	NULL	1	0	0	1	0	0	0
765	373	0  	ACUERDO PLAN PAV.VIAMONTE     	0.00	0.00	1.00	0.00		NULL	NULL	1	0	0	1	0	0	0
766	373	0 A	ACUERDO PAV.CALLE VIAMONTE    	0.00	0.00	1.00	0.00		NULL	NULL	1	0	0	1	0	0	0
767	373	0 C	ACUERDO PAV.CALLE VIAMONTE    	0.00	0.00	1.00	0.00		NULL	NULL	1	0	0	1	0	0	0
768	373	0I 	ACUERDO PAV.CALLE VIAMONTE    	0.00	0.00	1.00	0.00		NULL	NULL	1	0	0	1	0	0	0
769	374	0  	ACUERDO PLAN FORT.OB.PAV.26 C.	0.00	0.00	1.00	0.00		NULL	NULL	1	0	0	1	0	0	0
770	374	0 A	ACUERDO PLAN FORT.OB.PAV.26 C.	0.00	0.00	1.00	0.00		NULL	NULL	1	0	0	1	0	0	0
771	374	0 C	ACUERDO PLAN FORT.OB.PAV.26 C.	0.00	0.00	1.00	0.00		NULL	NULL	1	0	0	1	0	0	0
772	374	0I 	ACUERDO PLAN FORT.OB.PAV.26.C.	0.00	0.00	1.00	0.00		NULL	NULL	1	0	0	1	0	0	0
773	375	0  	ACUERDO PLAN FORT.OB.AGUA CTE.	0.00	0.00	1.00	0.00		NULL	NULL	1	0	0	1	0	0	0
774	375	0 A	ACUERDO PLAN FORT. OB.AGUA CTE	0.00	0.00	1.00	0.00		NULL	NULL	1	0	0	1	0	0	0
775	375	0 C	ACUERDO PLAN FORT.OB. AGUA CTE	0.00	0.00	1.00	0.00		NULL	NULL	1	0	0	1	0	0	0
776	375	0I 	ACUERDO PLAN FORT.OB.AGUA CTE.	0.00	0.00	1.00	0.00		NULL	NULL	1	0	0	1	0	0	0
777	376	0  	AC. PLAN AGUA CORRIENTE FORT. 	0.00	0.00	1.00	0.00		NULL	NULL	1	0	0	1	0	0	0
778	376	0I 	INT. AC. PLAN AGUA CORR. FORT.	0.00	0.00	1.00	0.00		NULL	NULL	1	0	0	1	0	0	0
779	377	0  	ACUERDO PLAN FORT.OB.PAV.S.MAR	0.00	0.00	1.00	0.00		NULL	NULL	1	0	0	1	0	0	0
780	377	0 A	ACUERDO PLAN FOR.OB.PAV.S.MART	0.00	0.00	1.00	0.00		NULL	NULL	1	0	0	1	0	0	0
781	377	0 C	ACUERDO PLAN FOR.OB.PAV.S.MART	0.00	0.00	1.00	0.00		NULL	NULL	1	0	0	1	0	0	0
782	377	0I 	ACUERDO PLAN FOR.OB.PAV.S.MART	0.00	0.00	1.00	0.00		NULL	NULL	1	0	0	1	0	0	0
783	378	0  	ACUERDO PLAN FOR.OB.PAV.CALDER	0.00	0.00	1.00	0.00		NULL	NULL	1	0	0	1	0	0	0
784	378	0 A	ACUERDO PLAN FOR.OB.PAV.CALDER	0.00	0.00	1.00	0.00		NULL	NULL	1	0	0	1	0	0	0
785	378	0 C	ACUERDO PLAN FOR.OB.PAV.CALDER	0.00	0.00	1.00	0.00		NULL	NULL	1	0	0	1	0	0	0
786	378	0I 	ACUERDO PLAN FOR.OB.PAV.CALDER	0.00	0.00	1.00	0.00		NULL	NULL	1	0	0	1	0	0	0
787	379	0  	ACUERDO GAS VALROM X ORD.     	0.00	0.00	1.00	0.00		NULL	NULL	1	0	0	1	0	0	0
788	379	0 A	ACUERDO GAS VALROM X ORD.     	0.00	0.00	1.00	0.00		NULL	NULL	1	0	0	1	0	0	0
789	379	0 C	ACUERDO GAS VALROM X ORD.     	0.00	0.00	1.00	0.00		NULL	NULL	1	0	0	1	0	0	0
790	379	0I 	ACUERDO GAS VALROM X ORD.     	0.00	0.00	1.00	0.00		NULL	NULL	1	0	0	1	0	0	0
791	380	0  	ACUERDO GAS VALROM CERT.DEUDA 	0.00	0.00	1.00	0.00		NULL	NULL	1	0	0	1	0	0	0
792	380	0 A	ACUERDO GAS VALROM X CERT.DEUD	0.00	0.00	1.00	0.00		NULL	NULL	1	0	0	1	0	0	0
793	380	0 C	ACUERDO GAS VALROM X CERT.DEUD	0.00	0.00	1.00	0.00		NULL	NULL	1	0	0	1	0	0	0
794	380	0I 	ACUERDO GAS VALROM X CERT.DEUD	0.00	0.00	1.00	0.00		NULL	NULL	1	0	0	1	0	0	0
795	381	0  	ACUERDO GAS VALROM P.ESPECIAL 	0.00	0.00	1.00	0.00		NULL	NULL	1	0	0	1	0	0	0
796	381	0 A	ACUERDO GAS VALROM P.ESPECIAL 	0.00	0.00	1.00	0.00		NULL	NULL	1	0	0	1	0	0	0
797	381	0 C	ACUERDO GAS VALROM P.ESPECIAL 	0.00	0.00	1.00	0.00		NULL	NULL	1	0	0	1	0	0	0
798	381	0I 	ACUERDO GAS VALROM P.ESPECIAL 	0.00	0.00	1.00	0.00		NULL	NULL	1	0	0	1	0	0	0
799	382	0  	ACUERDO GAS VIDELPO X ORD.    	0.00	0.00	1.00	0.00		NULL	NULL	1	0	0	1	0	0	0
800	382	0 A	ACUERDO GAS VIDELPO X ORD.    	0.00	0.00	1.00	0.00		NULL	NULL	1	0	0	1	0	0	0
801	382	0 C	ACUERDO GAS VIDELPO X ORD.    	0.00	0.00	1.00	0.00		NULL	NULL	1	0	0	1	0	0	0
802	382	0I 	ACUERDO GAS VIDELPO X ORD.    	0.00	0.00	1.00	0.00		NULL	NULL	1	0	0	1	0	0	0
803	383	0  	ACUERDO GAS VIDELPO P.ESPECIAL	0.00	0.00	1.00	0.00		NULL	NULL	1	0	0	1	0	0	0
804	383	0 A	ACUERDO GAS VIDELPO P.ESPECIAL	0.00	0.00	1.00	0.00		NULL	NULL	1	0	0	1	0	0	0
805	383	0 C	ACUERDO GAS VIDELPO P.ESPECIAL	0.00	0.00	1.00	0.00		NULL	NULL	1	0	0	1	0	0	0
806	383	0I 	ACUERDO GAS VIDELPO P.ESPECIAL	0.00	0.00	1.00	0.00		NULL	NULL	1	0	0	1	0	0	0
807	384	0  	ACUERDO GAS VIDELPO X CERT.DEU	0.00	0.00	1.00	0.00		NULL	NULL	1	0	0	1	0	0	0
808	384	0 A	ACUERDO GAS VIDELPO CERT.DEUDA	0.00	0.00	1.00	0.00		NULL	NULL	1	0	0	1	0	0	0
809	384	0 C	ACUERDO GAS VIDELPO CERT.DEUDA	0.00	0.00	1.00	0.00		NULL	NULL	1	0	0	1	0	0	0
810	384	0I 	ACUERDO GAS VIDELPO CERT.DEUDA	0.00	0.00	1.00	0.00		NULL	NULL	1	0	0	1	0	0	0
811	385	0  	ACUERDO MAT.OB.INFRAESTRUCTURA	0.00	0.00	1.00	0.00		NULL	NULL	1	0	0	1	0	0	0
812	385	0 A	ACUERDO MAT.OB.INFRAESTRUCTURA	0.00	0.00	1.00	0.00		NULL	NULL	1	0	0	1	0	0	0
813	385	0 C	ACUERDO MAT.OB.INFRAESTRUCTURA	0.00	0.00	1.00	0.00		NULL	NULL	1	0	0	1	0	0	0
814	385	0I 	ACUERDO MAT.OB.INFRAESTRUCTURA	0.00	0.00	1.00	0.00		NULL	NULL	1	0	0	1	0	0	0
815	386	0  	FDO.PARA INFRAEST.MUNICIPAL(AF	0.00	0.00	1.00	0.00		NULL	NULL	1	0	0	1	0	0	0
816	387	0  	ACUERDO FINANC.OB.AV.PERON 1.E	0.00	0.00	1.00	0.00		NULL	NULL	1	0	0	1	0	0	0
817	387	0 A	ACUERDO FINANC.OB.AV.PERON 1.E	0.00	0.00	1.00	0.00		NULL	NULL	1	0	0	1	0	0	0
818	387	0 C	ACUERDO FINANC.OB.AV.PERON 1.E	0.00	0.00	1.00	0.00		NULL	NULL	1	0	0	1	0	0	0
819	387	0I 	ACUERDO FINANC.OB.AV.PERON 1.E	0.00	0.00	1.00	0.00		NULL	NULL	1	0	0	1	0	0	0
820	388	0  	ACUERDO FDO. MUN. P/PAVIMENTO 	0.00	0.00	1.00	0.00		NULL	NULL	1	0	0	1	0	0	0
821	388	0 A	ACUERDO FDO. MUN. P/PAVIMENTO 	0.00	0.00	1.00	0.00		NULL	NULL	1	0	0	1	0	0	0
822	388	0 C	ACUERDO FD. MUN. P/PAVIMENTO  	0.00	0.00	1.00	0.00		NULL	NULL	1	0	0	1	0	0	0
823	388	0I 	INT. ACUERDO FDO. MUN. P/PAV. 	0.00	0.00	1.00	0.00		NULL	NULL	1	0	0	1	0	0	0
824	389	0  	AC. REINT. PAVIMENTO ORD./4534	0.00	0.00	1.00	0.00		NULL	NULL	1	0	0	1	0	0	0
825	389	0I 	INT. REINT. PAVIMENT.ORD./4534	0.00	0.00	1.00	0.00		NULL	NULL	1	0	0	1	0	0	0
826	390	0  	AC.REINT.OBRAS PAV. 4534 (C/R)	0.00	0.00	1.00	0.00		NULL	NULL	1	0	0	1	0	0	0
827	390	0I 	INT.AC.O.PAVIM. 4534 (C/REC.) 	0.00	0.00	1.00	0.00		NULL	NULL	1	0	0	1	0	0	0
828	391	0 	RETENCIONES TISH	0.00	0.00	1.00	0.00		NULL	NULL	1	0	0	1	0	0	0
829	391	0RT	RETENCIONES TISH	0.00	0.00	1.00	0.00		NULL	NULL	1	0	0	1	0	0	0
830	392	0  	PRES.ESPONT.ORD.3086/95 (ALUM)	0.00	0.00	1.00	0.00		NULL	NULL	1	0	0	1	0	0	0
831	392	0C 	P.ES.ORD.3086/95(CUOTA ALUMB.)	0.00	0.00	1.00	0.00		NULL	NULL	1	0	0	1	0	0	0
832	392	0E 	P.ESP.ORD.3086/95(ESCUELA AL.)	0.00	0.00	1.00	0.00		NULL	NULL	1	0	0	1	0	0	0
833	393	0  	PRES.ESPONT.ORD.3086/5(MEDIDO)	0.00	0.00	1.00	0.00		NULL	NULL	1	0	0	1	0	0	0
834	393	0C 	P.ESPONT.ORD.3086/95(CTA.MED.)	0.00	0.00	1.00	0.00		NULL	NULL	1	0	0	1	0	0	0
835	393	0P 	PRES.ESP.ORD.3086/95-PTA.DEP.M	0.00	0.00	1.00	0.00		NULL	NULL	1	0	0	1	0	0	0
836	394	0  	PRES.ESPON.ORD.3086/95(NO MED.	0.00	0.00	1.00	0.00		NULL	NULL	1	0	0	1	0	0	0
837	394	0C 	P.ESP.ORD.3086/95(CTA.NO MED.)	0.00	0.00	1.00	0.00		NULL	NULL	1	0	0	1	0	0	0
838	394	0P 	P.E.ORD.3086/95(PTA.DEP.NO MED	0.00	0.00	1.00	0.00		NULL	NULL	1	0	0	1	0	0	0
839	395	0  	PRES.ESP.ORD.3086/95(RED VIAL)	0.00	0.00	1.00	0.00		NULL	NULL	1	0	0	1	0	0	0
840	395	0C 	P.E.ORD.3086/95(CUOTA RED.VIAL	0.00	0.00	1.00	0.00		NULL	NULL	1	0	0	1	0	0	0
841	395	0E 	P.E.ORD.3086/95(ESC.RED.VIAL) 	0.00	0.00	1.00	0.00		NULL	NULL	1	0	0	1	0	0	0
842	396	0  	P.ESPONT.ORD.3086/95(OB.CLOAC.	0.00	0.00	1.00	0.00		NULL	NULL	1	0	0	1	0	0	0
843	396	0C 	P.E.ORD.3086/95(CTA.OB.CLOAC.)	0.00	0.00	1.00	0.00		NULL	NULL	1	0	0	1	0	0	0
844	397	0  	P.ESPONT.ORD.3086/95(PAV.VIAM.	0.00	0.00	1.00	0.00		NULL	NULL	1	0	0	1	0	0	0
845	397	0C 	P.E.ORD.3086/95(CTA.PAV.VIAM.)	0.00	0.00	1.00	0.00		NULL	NULL	1	0	0	1	0	0	0
846	398	0  	P.ESP.ORD.3086/95(PAV.26.CDRA)	0.00	0.00	1.00	0.00		NULL	NULL	1	0	0	1	0	0	0
847	398	0C 	P.E.ORD.3086/95(CTA.PAV.26.C.)	0.00	0.00	1.00	0.00		NULL	NULL	1	0	0	1	0	0	0
848	399	0  	P.ESP.ORD.3086/95 (AGUA CTE.) 	0.00	0.00	1.00	0.00		NULL	NULL	1	0	0	1	0	0	0
849	399	0C 	P.E.ORD.3086/95(CTA.AGUA.CTE.)	0.00	0.00	1.00	0.00		NULL	NULL	1	0	0	1	0	0	0
850	400	0  	P.E.ORD.3086/95(PAV.SAN MART.)	0.00	0.00	1.00	0.00		NULL	NULL	1	0	0	1	0	0	0
851	400	0C 	P.E.ORD.3086/95(CTA.P.S.MARTIN	0.00	0.00	1.00	0.00		NULL	NULL	1	0	0	1	0	0	0
852	401	0  	P.E.ORD.3086/95(O.PAV.CALDERA)	0.00	0.00	1.00	0.00		NULL	NULL	1	0	0	1	0	0	0
853	401	0C 	P.E.ORD.3086/95(CTA.PAV.CALD.)	0.00	0.00	1.00	0.00		NULL	NULL	1	0	0	1	0	0	0
854	402	0  	ORD.3086/95(VALROM ORD.Y C.DE)	0.00	0.00	1.00	0.00		NULL	NULL	1	0	0	1	0	0	0
855	402	0C 	P.E.ORD.3086/95(CTA.VALROMXORD	0.00	0.00	1.00	0.00		NULL	NULL	1	0	0	1	0	0	0
856	403	0  	P.E.ORD.3086/95(VIDELPO ORD.C)	0.00	0.00	1.00	0.00		NULL	NULL	1	0	0	1	0	0	0
857	403	0C 	P.E.ORD.3086/95(CTA.VIDELPO O)	0.00	0.00	1.00	0.00		NULL	NULL	1	0	0	1	0	0	0
858	404	0  	P.E.ORD.3086/95(VALR.Y VID.P.)	0.00	0.00	1.00	0.00		NULL	NULL	1	0	0	1	0	0	0
859	404	0C 	P.E.ORD.3086/95(CTA.V.Y VID.ES	0.00	0.00	1.00	0.00		NULL	NULL	1	0	0	1	0	0	0
860	405	0  	P.E.ORD.3086/95(GAS ESP.O.INF.	0.00	0.00	1.00	0.00		NULL	NULL	1	0	0	1	0	0	0
861	405	0C 	P.E.ORD.3086/95(CTA.GAS.ESP.O.	0.00	0.00	1.00	0.00		NULL	NULL	1	0	0	1	0	0	0
862	406	0  	P.ESP.ORD.3086/95(CONEX.AGUA) 	0.00	0.00	1.00	0.00		NULL	NULL	1	0	0	1	0	0	0
863	406	0C 	P.E.ORD.3086/95(CTA.CON.AGUA) 	0.00	0.00	1.00	0.00		NULL	NULL	1	0	0	1	0	0	0
864	407	0  	P.E.ORD.3086/95(CONEX.CLOAC.) 	0.00	0.00	1.00	0.00		NULL	NULL	1	0	0	1	0	0	0
865	407	0C 	P.E.ORD.3086/95(CTA.CON.CLOAC.	0.00	0.00	1.00	0.00		NULL	NULL	1	0	0	1	0	0	0
866	408	0  	P.E.ORD.3086/95(DER.CONSTRUC.)	0.00	0.00	1.00	0.00		NULL	NULL	1	0	0	1	0	0	0
867	408	0C 	P.E.ORD.3086/95(D.CONSTRUCC.) 	0.00	0.00	1.00	0.00		NULL	NULL	1	0	0	1	0	0	0
868	409	0  	P.E.ORD.3086/95(D.DE OFICINA) 	0.00	0.00	1.00	0.00		NULL	NULL	1	0	0	1	0	0	0
869	409	0C 	P.E.ORD.3086/95(DER.DE OFICINA	0.00	0.00	1.00	0.00		NULL	NULL	1	0	0	1	0	0	0
870	410	0  	P.E.ORD.3086/95(RECARG.VARIOS)	0.00	0.00	1.00	0.00		NULL	NULL	1	0	0	1	0	0	0
871	410	0C 	P.E.ORD.3086/95(CTA.REC.VARIOS	0.00	0.00	1.00	0.00		NULL	NULL	1	0	0	1	0	0	0
872	411	0  	P.ESP.ORD.3086/95(SEG.E HIG.) 	0.00	0.00	1.00	0.00		NULL	NULL	1	0	0	1	0	0	0
873	411	0C 	P.E.ORD.3086/95(CTA.SEG.E HIG.	0.00	0.00	1.00	0.00		NULL	NULL	1	0	0	1	0	0	0
874	411	0E 	P.E.ORD.3086/95(ESC.SEG.E HIG.	0.00	0.00	1.00	0.00		NULL	NULL	1	0	0	1	0	0	0
875	412	0  	P.E.ORD.3086/95(HAB.COM.E IND)	0.00	0.00	1.00	0.00		NULL	NULL	1	0	0	1	0	0	0
876	412	0C 	P.E.ORD.3086/95(CTA.HAB.C.E I.	0.00	0.00	1.00	0.00		NULL	NULL	1	0	0	1	0	0	0
877	413	0  	P.E.ORD.3086/95(INSP.TECNICA) 	0.00	0.00	1.00	0.00		NULL	NULL	1	0	0	1	0	0	0
878	413	0C 	P.E.ORD.3086/95(CTA.INSP.TEC.)	0.00	0.00	1.00	0.00		NULL	NULL	1	0	0	1	0	0	0
879	414	0  	P.E.ORD.3086/95(OCUP.USO E.PCO	0.00	0.00	1.00	0.00		NULL	NULL	1	0	0	1	0	0	0
880	414	0C 	P.E.ORD.3086/95(CTA.OC.ESP.PCO	0.00	0.00	1.00	0.00		NULL	NULL	1	0	0	1	0	0	0
881	415	0  	P.E.ORD.3086/95(DER.EXP.CANT.)	0.00	0.00	1.00	0.00		NULL	NULL	1	0	0	1	0	0	0
882	415	0C 	P.E.ORD.3086/95(CTA.D.EXP.CANT	0.00	0.00	1.00	0.00		NULL	NULL	1	0	0	1	0	0	0
883	416	0  	P.E.ORD.3086/95(PUB.Y PROPAG.)	0.00	0.00	1.00	0.00		NULL	NULL	1	0	0	1	0	0	0
884	416	0C 	P.E.ORD.3086/95(CTA.PUB.Y PR.)	0.00	0.00	1.00	0.00		NULL	NULL	1	0	0	1	0	0	0
885	417	0  	P.ESPONT.ORD.3086/95(ESPEC.PCO	0.00	0.00	1.00	0.00		NULL	NULL	1	0	0	1	0	0	0
886	417	0C 	P.E.O.3086/95(CTA.ESPECT.PCO.)	0.00	0.00	1.00	0.00		NULL	NULL	1	0	0	1	0	0	0
887	418	0  	P.E.ORD./3086/95 MTA.X CONTRAV	0.00	0.00	1.00	0.00		NULL	NULL	1	0	0	1	0	0	0
888	418	0C 	P.E.ORD.3086/95 M.XCONTRAV(CTA	0.00	0.00	1.00	0.00		NULL	NULL	1	0	0	1	0	0	0
889	419	0  	P.E. ORD.3086/95(E.S.E.B.A.)  	0.00	0.00	1.00	0.00		NULL	NULL	1	0	0	1	0	0	0
890	419	0C 	P.E.ORD.3086/95(E.S.E.B.A.CTA.	0.00	0.00	1.00	0.00		NULL	NULL	1	0	0	1	0	0	0
891	420	0  	P.E.ORD.3086/95(MERC.FRUTOS)  	0.00	0.00	1.00	0.00		NULL	NULL	1	0	0	1	0	0	0
892	420	0C 	PE.ORD.3086/95(MERC.FRUTOS CTA	0.00	0.00	1.00	0.00		NULL	NULL	1	0	0	1	0	0	0
893	421	0  	PRESENT.ESPONTANEA ORD.3086/95	0.00	0.00	1.00	0.00		NULL	NULL	1	0	0	1	0	0	0
894	421	0C 	PRES.ESP.ORD.3086/95(PATENTES)	0.00	0.00	1.00	0.00		NULL	NULL	1	0	0	1	0	0	0
895	422	0  	ACUERDO OBRA INFRAESTRUCT.(AF)	0.00	0.00	1.00	0.00		NULL	NULL	1	0	0	1	0	0	0
896	422	0A 	FINANC.OBRA INFRAEST.(ANT)    	0.00	0.00	1.00	0.00		NULL	NULL	1	0	0	1	0	0	0
897	422	0C 	ACUERDO PAV.132 CUADRAS (AFEC)	0.00	0.00	1.00	0.00		NULL	NULL	1	0	0	1	0	0	0
898	422	0I 	INTERESES OBRAS INFRAEST.(AF.)	0.00	0.00	1.00	0.00		NULL	NULL	1	0	0	1	0	0	0
899	423	66	DERECHO DE OFICINA - HAB. VEHÃCULOS CARGAS GENERALES	0.00	0.00	1.00	0.00		NULL	NULL	1	0	0	1	0	0	0
900	424	0	INGRESOS VARIOS	0.00	0.00	1.00	0.00		NULL	NULL	1	0	0	1	0	0	0
901	425	0  	ACUERDO INFRAC.OB.FISCALES    	0.00	0.00	1.00	0.00		NULL	NULL	1	0	0	1	0	0	0
902	425	0 A	ACDO.INFRAC.OB.FISC.ANTERIOR  	0.00	0.00	1.00	0.00		NULL	NULL	1	0	0	1	0	0	0
903	425	0 C	ACDO.INF.OBLIG.FISC.CTA.ACTUAL	0.00	0.00	1.00	0.00		NULL	NULL	1	0	0	1	0	0	0
904	425	0I 	INTERESES INFRACCCION OB.FISC.	0.00	0.00	1.00	0.00		NULL	NULL	1	0	0	1	0	0	0
905	426	0  	ACUERDO D.OFICINA S.ANTIRREGL.	0.00	0.00	1.00	0.00		NULL	NULL	1	0	0	1	0	0	0
906	426	0 C	ACUERDO D.OFICINA S.ANTIRREGL.	0.00	0.00	1.00	0.00		NULL	NULL	1	0	0	1	0	0	0
907	426	0I 	ACUERDO D.OFICINA S.ANTIRREGL.	0.00	0.00	1.00	0.00		NULL	NULL	1	0	0	1	0	0	0
908	427	0  	DERECHOS DE OFICINA           	0.00	0.00	1.00	0.00		NULL	NULL	1	0	0	1	0	0	0
909	427	0D 	DERECHO DE OFICINA-BONIFIC.   	0.00	0.00	1.00	0.00		NULL	NULL	1	0	0	1	0	0	0
910	427	1  	DERECHO OFIC.SELLADO ANTIRREG.	0.00	0.00	1.00	0.00		NULL	NULL	1	0	0	1	0	0	0
911	427	10  	ORD.4821 DER.OFI.CERT.APT.AMB.	0.00	0.00	1.00	0.00		NULL	NULL	1	0	0	1	0	0	0
912	427	11	DERECHO DE OFICINA - NUMERACION DOMICILIARIA	0.00	0.00	1.00	0.00		NULL	NULL	1	0	0	1	0	0	0
913	427	12	DERECHO DE OFICINA - FICHA SANITARIA	0.00	0.00	1.00	0.00		NULL	NULL	1	0	0	1	0	0	0
914	427	13	DERECHOS DE OFICINA - PEDIDO DE FOTOCOPIA	0.00	0.00	1.00	0.00		NULL	NULL	1	0	0	1	0	0	0
915	427	14	DERECHO DE OFICINA - HABILITACION DE VEHICULOS	0.00	0.00	1.00	0.00		NULL	NULL	1	0	0	1	0	0	0
916	427	15	DERECHO DE OFICINA - CERTIFICADO DE LEGALIDAD	0.00	0.00	1.00	0.00		NULL	NULL	1	0	0	1	0	0	0
917	427	16	DERECHO DE OFICINA - LIBRE DEUDA	0.00	0.00	1.00	0.00		NULL	NULL	1	0	0	1	0	0	0
918	427	17	DERECHO DE OFICINA - PLIEGOS	0.00	0.00	1.00	0.00		NULL	NULL	1	0	0	1	0	0	0
919	427	18	DERECHO DE OFICINA - OFICIO INMUEBLE	0.00	0.00	1.00	0.00		NULL	NULL	1	0	0	1	0	0	0
920	427	19	DERECHO DE OFICINA - CORTE DE CALLES	0.00	0.00	1.00	0.00		NULL	NULL	1	0	0	1	0	0	0
921	427	2  	DER.DE OFICINA -GTO.ADM.PROV. 	0.00	0.00	1.00	0.00		NULL	NULL	1	0	0	1	0	0	0
922	427	20	DERECHO DE OFICINA - SELLADO CARPETA DE PLANOS	0.00	0.00	1.00	0.00		NULL	NULL	1	0	0	1	0	0	0
923	427	21	DERECHO DE OFICINA - SELLADO DE PREFACTIBILIDAD	0.00	0.00	1.00	0.00		NULL	NULL	1	0	0	1	0	0	0
924	427	22	DERECHO DE OFICINA - CERTIFICADO URBANÃSTICO (ZONIFICACIÃ“N)	0.00	0.00	1.00	0.00		NULL	NULL	1	0	0	1	0	0	0
925	427	23	DERECHO DE OFICINA - AUTORIZACIÃ“N PREVIA	0.00	0.00	1.00	0.00		NULL	NULL	1	0	0	1	0	0	0
926	427	24	DERECHO DE OFICINA - INTRODUCTOR DE PRODUCTOS ALIMENTICIOS	0.00	0.00	1.00	0.00		NULL	NULL	1	0	0	1	0	0	0
927	427	25	DERECHO DE OFICINA - SOLICITUD DOCUMENTACION CATASTRAL	0.00	0.00	1.00	0.00		NULL	NULL	1	0	0	1	0	0	0
928	427	26	DERECHO DE OFICINA - MULTAS TRANSITO	0.00	0.00	1.00	0.00		NULL	NULL	1	0	0	1	0	0	0
929	427	27	DERECHO DE OFICINA - HABILITACION COMERCIOS	0.00	0.00	1.00	0.00		NULL	NULL	1	0	0	1	0	0	0
930	427	28	DERECHO DE OFICINA - BAJA PATENTE AUTOMOTORES	0.00	0.00	1.00	0.00		NULL	NULL	1	0	0	1	0	0	0
931	427	29	DERECHO DE OFICINA - BAJA PATENTE MOTOVEHICULO	0.00	0.00	1.00	0.00		NULL	NULL	1	0	0	1	0	0	0
932	427	3  	DERECHO DE OFICINA            	0.00	0.00	1.00	0.00		NULL	NULL	1	0	0	1	0	0	0
933	427	30	DERECHO DE OFICINA - CERTIFICADO APTITUD AMBIENTAL	0.00	0.00	1.00	0.00		NULL	NULL	1	0	0	1	0	0	0
934	427	31	DERECHO DE OFICINA - OFICIO	0.00	0.00	1.00	0.00		NULL	NULL	1	0	0	1	0	0	0
935	427	32	DERECHO DE OFICINA - POR SERVICIOS ACOMPAÃ‘AMIENTO INSP. TRANSITO A VEHICULOS DE GRAN PORTE	0.00	0.00	1.00	0.00		NULL	NULL	1	0	0	1	0	0	0
936	427	33	DERECHO DE OFICINA - HAB. VEHÃCULOS TRANSPORTE SUSTANCIAS ALIMENTICIAS	0.00	0.00	1.00	0.00		NULL	NULL	1	0	0	1	0	0	0
937	427	34	DERECHO DE OFICINA - SOLICITUD DE BAILES Y FESTIVALES	0.00	0.00	1.00	0.00		NULL	NULL	1	0	0	1	0	0	0
938	427	35	DERECHO DE OFICINA - CESE COMERCIO	0.00	0.00	1.00	0.00		NULL	NULL	1	0	0	1	0	0	0
939	427	36	DERECHO DE OFICINA - CESE COMERCIO	0.00	0.00	1.00	0.00		NULL	NULL	1	0	0	1	0	0	0
940	427	37	DERECHO DE OFICINA - EXENTO PAGO PATENTE	0.00	0.00	1.00	0.00		NULL	NULL	1	0	0	1	0	0	0
941	427	38	DERECHO DE OFICINA - FORM 13D AUTOMOTOR LIBRE DEUDA/CAMBIO RAD.	0.00	0.00	1.00	0.00		NULL	NULL	1	0	0	1	0	0	0
942	427	39	DERECHO DE OFICINA - FORM 13D MOTO LIBRE DEUDA/CAMBIO RAD.	0.00	0.00	1.00	0.00		NULL	NULL	1	0	0	1	0	0	0
943	427	4  	DERECHOS DE OFICINA - LIBRO DE ASCENSOR	0.00	0.00	1.00	0.00		NULL	NULL	1	0	0	1	0	0	0
944	427	40	DERECHO DE OFICINA - FORM 13D AUTOMOTOR LIBRE DEUDA/CAMBIO RAD.	0.00	0.00	1.00	0.00		NULL	NULL	1	0	0	1	0	0	0
945	427	41	DERECHO DE OFICINA - SELLADO DE PREFACTIBILIDAD	0.00	0.00	1.00	0.00		NULL	NULL	1	0	0	1	0	0	0
946	427	42	DERECHOS DE OFICINA - LIBRO DE ASCENSOR	0.00	0.00	1.00	0.00		NULL	NULL	1	0	0	1	0	0	0
947	427	43	DERECHO DE OFICINA - SERVICIO AGENTE DE TRANSITO	0.00	0.00	1.00	0.00		NULL	NULL	1	0	0	1	0	0	0
948	427	44	DERECHOS DE OFICINA - LIBRO DE ASCENSOR (BL)	0.00	0.00	1.00	0.00		NULL	NULL	1	0	0	1	0	0	0
949	427	45	DERECHOS DE OFICINA - ESTADÃA	0.00	0.00	1.00	0.00		NULL	NULL	1	0	0	1	0	0	0
950	427	46	DERECHOS DE OFICINA - ACARRÃ‰O	0.00	0.00	1.00	0.00		NULL	NULL	1	0	0	1	0	0	0
951	427	47	DERECHOS DE OFICINA - HABILITACIÃ“N WEB	0.00	0.00	1.00	0.00		NULL	NULL	1	0	0	1	0	0	0
952	427	48	DERECHOS DE OFICINA - CONSTANCIA/CERTIFICACIÃ“N 	0.00	0.00	1.00	0.00		NULL	NULL	1	0	0	1	0	0	0
953	427	49	DERECHOS DE OFICINA - DESARCHIVO DE PLANOS	0.00	0.00	1.00	0.00		NULL	NULL	1	0	0	1	0	0	0
954	427	5  	DERECHO DE OFICINA            	0.00	0.00	1.00	0.00		NULL	NULL	1	0	0	1	0	0	0
955	427	50	AnÃ¡lisis y EvaluaciÃ³n de Estudio de Impacto Ambiental	0.00	0.00	1.00	0.00		NULL	NULL	1	0	0	1	0	0	0
956	427	51	DERECHOS DE OFICINA - DESINFECCION (CO)	0.00	0.00	1.00	0.00		NULL	NULL	1	0	0	1	0	0	0
957	427	52	Final de Obra	0.00	0.00	1.00	0.00		NULL	NULL	1	0	0	1	0	0	0
958	427	53	Inspecciones e Instalaciones ElÃ©ctricas	0.00	0.00	1.00	0.00		NULL	NULL	1	0	0	1	0	0	0
959	427	54	DERECHOS DE OFICINA - USO INSTALACIONES MUNICIPALES	0.00	0.00	1.00	0.00		NULL	NULL	1	0	0	1	0	0	0
960	427	55	DERECHOS DE OFICINA - RADICACIÃ“N INDUSTRIAS Y DEPÃ“SITOS	0.00	0.00	1.00	0.00		NULL	NULL	1	0	0	1	0	0	0
961	427	56	AnÃ¡lisis y EvaluaciÃ³n de Estudio de Impacto Ambiental	0.00	0.00	1.00	0.00		NULL	NULL	1	0	0	1	0	0	0
962	427	57	DERECHOS POR ESTUDIO y CLASIF. de radicaciones ind. y dep	0.00	0.00	1.00	0.00		NULL	NULL	1	0	0	1	0	0	0
963	427	58	CÃ³digo de EdificaciÃ³n	0.00	0.00	1.00	0.00		NULL	NULL	1	0	0	1	0	0	0
964	427	59	DERECHO DE OFICINA - BAJA  MOTOVEHICULO	0.00	0.00	1.00	0.00		NULL	NULL	1	0	0	1	0	0	0
965	427	5D	DERECHO DE OFICINA BONIFICACION	0.00	0.00	1.00	0.00		NULL	NULL	1	0	0	1	0	0	0
966	427	6  	DER.DE OFICINA - ANTECEDENTES 	0.00	0.00	1.00	0.00		NULL	NULL	1	0	0	1	0	0	0
967	427	60	DERECHO DE OFICINA - LIBRE DEUDA MOTOVEHICULO	0.00	0.00	1.00	0.00		NULL	NULL	1	0	0	1	0	0	0
968	427	61	DERECHOS DE OFICINA - DESARCHIVO DE PLANOS	0.00	0.00	1.00	0.00		NULL	NULL	1	0	0	1	0	0	0
969	427	62	DERECHOS DE OFICINA - OFICIO JUDICIAL (PF/PJ)	0.00	0.00	1.00	0.00		NULL	NULL	1	0	0	1	0	0	0
970	427	63	DERECHOS DE OFICINA - OFICIO JUDICIAL(CO)	0.00	0.00	1.00	0.00		NULL	NULL	1	0	0	1	0	0	0
971	427	64	DERECHOS DE OFICINA - OFICIO JUDICIAL (INMUEBLE)	0.00	0.00	1.00	0.00		NULL	NULL	1	0	0	1	0	0	0
972	427	65	DERECHOS DE OFICINA - SOLICITUD DE VOLQUETES	0.00	0.00	1.00	0.00		NULL	NULL	1	0	0	1	0	0	0
973	427	67	DERECHO DE OFICINA - TEATRO PEDRO BARBERO - A LA GORRA	0.00	0.00	1.00	0.00		NULL	NULL	1	0	0	1	0	0	0
974	427	68	DERECHO DE OFICINA - TEATRO PEDRO BARBERO - FUNCION PRIVADA	0.00	0.00	1.00	0.00		NULL	NULL	1	0	0	1	0	0	0
975	427	7	Servicios Administrativos Apremios y GestiÃ³n de Mora Definitiva	0.00	0.00	1.00	0.00		NULL	NULL	1	0	0	1	0	0	0
976	427	8	DER.DE OFICINA - REGISTRO DE CONDUCIR	0.00	0.00	1.00	0.00		NULL	NULL	1	0	0	1	0	0	0
977	428	0  	RECARGOS VARIOS               	0.00	0.00	1.00	0.00		NULL	NULL	1	0	0	1	0	0	0
978	428	1  	IMPUESTO VALOR AGREGADO       	0.00	0.00	1.00	0.00		NULL	NULL	1	0	0	1	0	0	0
979	428	1A 	IMPUESTO VALOR AGREGADO       	0.00	0.00	1.00	0.00		NULL	NULL	1	0	0	1	0	0	0
980	428	1C 	IMPUESTO VALOR AGREGADO       	0.00	0.00	1.00	0.00		NULL	NULL	1	0	0	1	0	0	0
981	428	6  	DER.OFICINA - SOL.ANTECEDENTES	0.00	0.00	1.00	0.00		NULL	NULL	1	0	0	1	0	0	0
982	428	90ND	INTERESES POR MORA            	0.00	0.00	1.00	0.00		NULL	NULL	1	0	0	1	0	0	0
983	428	96  	CONDONACION POR MORATORIA	0.00	0.00	1.00	0.00		NULL	NULL	1	0	0	1	0	0	0
984	428	97  	INTERESES POR PAGO EN CUOTAS	0.00	0.00	1.00	0.00		NULL	NULL	1	0	0	1	0	0	0
985	428	98  	AJUSTE POR REDONDEO           	0.00	0.00	1.00	0.00		NULL	NULL	1	0	0	1	0	0	0
986	428	99  	INFRACCION OBLIG. Y DEB. FISC.	0.00	0.00	1.00	0.00		NULL	NULL	1	0	0	1	0	0	0